ds,trend,yhat_lower,yhat_upper,trend_lower,trend_upper,additive_terms,additive_terms_lower,additive_terms_upper,daily,daily_lower,daily_upper,weekly,weekly_lower,weekly_upper,multiplicative_terms,multiplicative_terms_lower,multiplicative_terms_upper,yhat
2021-07-26,181.835420573174,157.93327948012714,181.35182662758967,181.835420573174,181.835420573174,-12.216789594500252,-12.216789594500252,-12.216789594500252,-11.6790736118004,-11.6790736118004,-11.6790736118004,-0.5377159826998518,-0.5377159826998518,-0.5377159826998518,0.0,0.0,0.0,169.61863097867374
2021-07-27,181.84386010842854,156.99585739233623,182.46532452576858,181.84386010842854,181.84386010842854,-12.074275558101734,-12.074275558101734,-12.074275558101734,-11.6790736118004,-11.6790736118004,-11.6790736118004,-0.39520194630133515,-0.39520194630133515,-0.39520194630133515,0.0,0.0,0.0,169.7695845503268
2021-07-28,181.85229964368307,157.7161558959435,181.62405320941107,181.85229964368307,181.85229964368307,-11.980976059042412,-11.980976059042412,-11.980976059042412,-11.6790736118004,-11.6790736118004,-11.6790736118004,-0.3019024472420126,-0.3019024472420126,-0.3019024472420126,0.0,0.0,0.0,169.87132358464066
2021-07-29,181.86073917893762,157.28968291786953,182.39997832630726,181.86073917893762,181.86073917893762,-12.233692900012567,-12.233692900012567,-12.233692900012567,-11.6790736118004,-11.6790736118004,-11.6790736118004,-0.554619288212167,-0.554619288212167,-0.554619288212167,0.0,0.0,0.0,169.62704627892506
2021-07-30,181.8691787141922,156.74847419245324,180.61926531383662,181.8691787141922,181.8691787141922,-12.809400290135294,-12.809400290135294,-12.809400290135294,-11.6790736118004,-11.6790736118004,-11.6790736118004,-1.130326678334894,-1.130326678334894,-1.130326678334894,0.0,0.0,0.0,169.0597784240569
2021-08-02,181.89449731995583,157.74641998214878,181.6656793917705,181.89449731995583,181.89449731995583,-12.216789594501902,-12.216789594501902,-12.216789594501902,-11.6790736118004,-11.6790736118004,-11.6790736118004,-0.5377159827015032,-0.5377159827015032,-0.5377159827015032,0.0,0.0,0.0,169.67770772545393
2021-08-03,181.90293685521038,157.778803432401,182.60401231221812,181.90293685521038,181.90293685521038,-12.074275558102462,-12.074275558102462,-12.074275558102462,-11.6790736118004,-11.6790736118004,-11.6790736118004,-0.39520194630206346,-0.39520194630206346,-0.39520194630206346,0.0,0.0,0.0,169.8286612971079
2021-08-04,181.9113763904649,157.4180108080195,181.96897282674246,181.9113763904649,181.9113763904649,-11.980976059042694,-11.980976059042694,-11.980976059042694,-11.6790736118004,-11.6790736118004,-11.6790736118004,-0.3019024472422932,-0.3019024472422932,-0.3019024472422932,0.0,0.0,0.0,169.93040033142222
2021-08-05,181.9198159257195,158.4503278684103,182.65431655124277,181.9198159257195,181.9198159257195,-12.233692900013162,-12.233692900013162,-12.233692900013162,-11.6790736118004,-11.6790736118004,-11.6790736118004,-0.5546192882127614,-0.5546192882127614,-0.5546192882127614,0.0,0.0,0.0,169.68612302570634
2021-08-06,181.92825545635145,156.11067483811453,181.983647825395,181.92825545635145,181.92825545635145,-12.809400290133887,-12.809400290133887,-12.809400290133887,-11.6790736118004,-11.6790736118004,-11.6790736118004,-1.1303266783334853,-1.1303266783334853,-1.1303266783334853,0.0,0.0,0.0,169.11885516621757
2021-08-09,181.95357404824745,156.71795085448878,182.33086640401137,181.95357404824745,181.95357404824745,-12.216789594501195,-12.216789594501195,-12.216789594501195,-11.6790736118004,-11.6790736118004,-11.6790736118004,-0.5377159827007975,-0.5377159827007975,-0.5377159827007975,0.0,0.0,0.0,169.73678445374625
2021-08-10,181.96201357887944,157.52197394790667,182.32505160662467,181.96201357887944,181.96201357887944,-12.074275558104915,-12.074275558104915,-12.074275558104915,-11.6790736118004,-11.6790736118004,-11.6790736118004,-0.3952019463045161,-0.3952019463045161,-0.3952019463045161,0.0,0.0,0.0,169.88773802077452
2021-08-11,181.97045310951142,157.8416176750728,182.41385650330656,181.97045310951142,181.97045310951142,-11.980976059042154,-11.980976059042154,-11.980976059042154,-11.6790736118004,-11.6790736118004,-11.6790736118004,-0.3019024472417546,-0.3019024472417546,-0.3019024472417546,0.0,0.0,0.0,169.98947705046928
2021-08-12,181.9788926401434,158.48916712404042,181.36986005139465,181.9788926401434,181.9788926401434,-12.233692900014043,-12.233692900014043,-12.233692900014043,-11.6790736118004,-11.6790736118004,-11.6790736118004,-0.554619288213642,-0.554619288213642,-0.554619288213642,0.0,0.0,0.0,169.74519974012938
2021-08-13,181.9873321707754,157.50425322764136,181.80393125192498,181.9873321707754,181.9873321707754,-12.809400290132476,-12.809400290132476,-12.809400290132476,-11.6790736118004,-11.6790736118004,-11.6790736118004,-1.130326678332077,-1.130326678332077,-1.130326678332077,0.0,0.0,0.0,169.17793188064292
2021-08-16,182.0126507626714,157.34606512560495,182.6529837120651,182.0126507626714,182.0126507626714,-12.216789594500492,-12.216789594500492,-12.216789594500492,-11.6790736118004,-11.6790736118004,-11.6790736118004,-0.5377159827000917,-0.5377159827000917,-0.5377159827000917,0.0,0.0,0.0,169.79586116817092
2021-08-17,182.0210902933034,156.8072636451524,181.93429513928638,182.0210902933034,182.0210902933034,-12.074275558103883,-12.074275558103883,-12.074275558103883,-11.6790736118004,-11.6790736118004,-11.6790736118004,-0.39520194630348165,-0.39520194630348165,-0.39520194630348165,0.0,0.0,0.0,169.9468147351995
2021-08-18,182.0295298303034,157.2864693386167,181.9508545399648,182.0295298303034,182.0295298303034,-11.980976059043554,-11.980976059043554,-11.980976059043554,-11.6790736118004,-11.6790736118004,-11.6790736118004,-0.30190244724315535,-0.30190244724315535,-0.30190244724315535,0.0,0.0,0.0,170.04855377125986
2021-08-19,182.03796936730348,157.55596363808337,181.82194724838416,182.03796936730348,182.03796936730348,-12.233692900014923,-12.233692900014923,-12.233692900014923,-11.6790736118004,-11.6790736118004,-11.6790736118004,-0.5546192882145228,-0.5546192882145228,-0.5546192882145228,0.0,0.0,0.0,169.80427646728856
2021-08-20,182.0464089043035,157.44088665958074,181.09965038759972,182.0464089043035,182.0464089043035,-12.809400290132402,-12.809400290132402,-12.809400290132402,-11.6790736118004,-11.6790736118004,-11.6790736118004,-1.1303266783320034,-1.1303266783320034,-1.1303266783320034,0.0,0.0,0.0,169.2370086141711
2021-08-23,182.07172751530362,156.97600754354417,181.453273727278,182.07172751530362,182.07172751530362,-12.21678959450214,-12.21678959450214,-12.21678959450214,-11.6790736118004,-11.6790736118004,-11.6790736118004,-0.537715982701743,-0.537715982701743,-0.537715982701743,0.0,0.0,0.0,169.8549379208015
2021-08-24,182.08016705230364,157.83589462019862,182.15823635469533,182.08016705230364,182.08016705230364,-12.074275558102846,-12.074275558102846,-12.074275558102846,-11.6790736118004,-11.6790736118004,-11.6790736118004,-0.3952019463024472,-0.3952019463024472,-0.3952019463024472,0.0,0.0,0.0,170.0058914942008
2021-08-25,182.0886065893037,158.5173626464674,181.21213416472406,182.0886065893037,182.0886065893037,-11.980976059043014,-11.980976059043014,-11.980976059043014,-11.6790736118004,-11.6790736118004,-11.6790736118004,-0.3019024472426166,-0.3019024472426166,-0.3019024472426166,0.0,0.0,0.0,170.1076305302607
2021-08-26,182.09704612630372,157.73632532118478,181.1490347249644,182.09704612630372,182.09704612630372,-12.233692900011313,-12.233692900011313,-12.233692900011313,-11.6790736118004,-11.6790736118004,-11.6790736118004,-0.5546192882109121,-0.5546192882109121,-0.5546192882109121,0.0,0.0,0.0,169.86335322629242
2021-08-27,182.10548566330377,157.93852186033425,181.64385042488308,182.10548566330377,182.10548566330377,-12.80940029013233,-12.80940029013233,-12.80940029013233,-11.6790736118004,-11.6790736118004,-11.6790736118004,-1.1303266783319303,-1.1303266783319303,-1.1303266783319303,0.0,0.0,0.0,169.29608537317142
2021-08-30,182.13080428747776,158.61602708704825,182.6055243763818,182.13080428747776,182.13080428747776,-12.216789594503794,-12.216789594503794,-12.216789594503794,-11.6790736118004,-11.6790736118004,-11.6790736118004,-0.5377159827033944,-0.5377159827033944,-0.5377159827033944,0.0,0.0,0.0,169.91401469297398
2021-08-31,182.13924382886907,158.20040157301176,181.99308982063667,182.13924382886907,182.13924382886907,-12.074275558103574,-12.074275558103574,-12.074275558103574,-11.6790736118004,-11.6790736118004,-11.6790736118004,-0.39520194630317557,-0.39520194630317557,-0.39520194630317557,0.0,0.0,0.0,170.0649682707655
2021-09-01,182.1476833702604,158.1117191617031,181.87933752878982,182.1476833702604,182.1476833702604,-11.980976059043297,-11.980976059043297,-11.980976059043297,-11.6790736118004,-11.6790736118004,-11.6790736118004,-0.3019024472428974,-0.3019024472428974,-0.3019024472428974,0.0,0.0,0.0,170.16670731121712
2021-09-02,182.15612291165172,157.61319256449093,181.75950644218008,182.15612291165172,182.15612291165172,-12.233692900011906,-12.233692900011906,-12.233692900011906,-11.6790736118004,-11.6790736118004,-11.6790736118004,-0.5546192882115064,-0.5546192882115064,-0.5546192882115064,0.0,0.0,0.0,169.92243001163982
2021-09-03,182.16456245304306,156.5850119165409,182.09784884246898,182.16456245304306,182.16456245304306,-12.80940029013092,-12.80940029013092,-12.80940029013092,-11.6790736118004,-11.6790736118004,-11.6790736118004,-1.1303266783305215,-1.1303266783305215,-1.1303266783305215,0.0,0.0,0.0,169.35516216291214
2021-09-07,182.19832061860836,158.15145902218336,182.2253989347696,182.19832061860836,182.19832061860836,-12.074275558104304,-12.074275558104304,-12.074275558104304,-11.6790736118004,-11.6790736118004,-11.6790736118004,-0.3952019463039039,-0.3952019463039039,-0.3952019463039039,0.0,0.0,0.0,170.12404506050405
2021-09-08,182.20676015999967,157.3699123622856,181.61132725516558,182.20676015999967,182.20676015999967,-11.980976059042758,-11.980976059042758,-11.980976059042758,-11.6790736118004,-11.6790736118004,-11.6790736118004,-0.30190244724235865,-0.30190244724235865,-0.30190244724235865,0.0,0.0,0.0,170.22578410095693
2021-09-09,182.215199701391,157.89666157045903,182.5561463868917,182.215199701391,182.215199701391,-12.233692900013075,-12.233692900013075,-12.233692900013075,-11.6790736118004,-11.6790736118004,-11.6790736118004,-0.5546192882126735,-0.5546192882126735,-0.5546192882126735,0.0,0.0,0.0,169.98150680137792
2021-09-10,182.22363923313384,156.5353839442901,181.75242817643013,182.22363923313384,182.22363923313384,-12.809400290129513,-12.809400290129513,-12.809400290129513,-11.6790736118004,-11.6790736118004,-11.6790736118004,-1.130326678329113,-1.130326678329113,-1.130326678329113,0.0,0.0,0.0,169.41423894300434
2021-09-13,182.24895782836236,157.32010327481336,183.1505957423679,182.24895782836236,182.24895782836236,-12.2167895944986,-12.2167895944986,-12.2167895944986,-11.6790736118004,-11.6790736118004,-11.6790736118004,-0.5377159826982003,-0.5377159826982003,-0.5377159826982003,0.0,0.0,0.0,170.03216823386376
2021-09-14,182.2573973601052,158.7589153578789,182.41320631493946,182.2573973601052,182.2573973601052,-12.074275558104992,-12.074275558104992,-12.074275558104992,-11.6790736118004,-11.6790736118004,-11.6790736118004,-0.39520194630459365,-0.39520194630459365,-0.39520194630459365,0.0,0.0,0.0,170.1831218020002
2021-09-15,182.26583689184804,158.12377608033063,183.7116561121832,182.26583689184804,182.26583689184804,-11.98097605904304,-11.98097605904304,-11.98097605904304,-11.6790736118004,-11.6790736118004,-11.6790736118004,-0.3019024472426393,-0.3019024472426393,-0.3019024472426393,0.0,0.0,0.0,170.284860832805
2021-09-16,182.2742764235909,157.19216915781598,180.73599814564722,182.2742764235909,182.2742764235909,-12.233692900013668,-12.233692900013668,-12.233692900013668,-11.6790736118004,-11.6790736118004,-11.6790736118004,-0.5546192882132678,-0.5546192882132678,-0.5546192882132678,0.0,0.0,0.0,170.04058352357723
2021-09-17,182.2827159553337,157.5123072482145,181.10151069779525,182.2827159553337,182.2827159553337,-12.809400290134189,-12.809400290134189,-12.809400290134189,-11.6790736118004,-11.6790736118004,-11.6790736118004,-1.1303266783337882,-1.1303266783337882,-1.1303266783337882,0.0,0.0,0.0,169.47331566519952
2021-09-20,182.30803455056227,158.42119215157496,182.06569953903139,182.30803455056227,182.30803455056227,-12.216789594502607,-12.216789594502607,-12.216789594502607,-11.6790736118004,-11.6790736118004,-11.6790736118004,-0.5377159827022088,-0.5377159827022088,-0.5377159827022088,0.0,0.0,0.0,170.09124495605965
2021-09-21,182.3164740823051,157.68321801878864,182.84118450781256,182.3164740823051,182.3164740823051,-12.074275558102196,-12.074275558102196,-12.074275558102196,-11.6790736118004,-11.6790736118004,-11.6790736118004,-0.3952019463017965,-0.3952019463017965,-0.3952019463017965,0.0,0.0,0.0,170.2421985242029
2021-09-22,182.32491361434728,157.87097381130005,182.2404968292141,182.32491361434728,182.32491361434728,-11.980976059042801,-11.980976059042801,-11.980976059042801,-11.6790736118004,-11.6790736118004,-11.6790736118004,-0.3019024472424015,-0.3019024472424015,-0.3019024472424015,0.0,0.0,0.0,170.34393755530448
2021-09-23,182.3333531463895,158.50538841004172,181.57200904503173,182.3333531463895,182.3333531463895,-12.233692900014548,-12.233692900014548,-12.233692900014548,-11.6790736118004,-11.6790736118004,-11.6790736118004,-0.5546192882141485,-0.5546192882141485,-0.5546192882141485,0.0,0.0,0.0,170.09966024637495
2021-09-24,182.3417926784317,157.52019516203438,181.91131222980144,182.3417926784317,182.3417926784317,-12.809400290134114,-12.809400290134114,-12.809400290134114,-11.6790736118004,-11.6790736118004,-11.6790736118004,-1.1303266783337145,-1.1303266783337145,-1.1303266783337145,0.0,0.0,0.0,169.53239238829758
2021-09-27,182.3671112745583,158.38747221174165,182.40595399082994,182.3671112745583,182.3671112745583,-12.216789594501902,-12.216789594501902,-12.216789594501902,-11.6790736118004,-11.6790736118004,-11.6790736118004,-0.5377159827015032,-0.5377159827015032,-0.5377159827015032,0.0,0.0,0.0,170.1503216800564
2021-09-28,182.3755508066005,157.9474546172746,182.22830493467163,182.3755508066005,182.3755508066005,-12.074275558102926,-12.074275558102926,-12.074275558102926,-11.6790736118004,-11.6790736118004,-11.6790736118004,-0.39520194630252475,-0.39520194630252475,-0.39520194630252475,0.0,0.0,0.0,170.30127524849757
2021-09-29,182.38399033864272,157.92190219740775,183.44670524806992,182.38399033864272,182.38399033864272,-11.980976059043082,-11.980976059043082,-11.980976059043082,-11.6790736118004,-11.6790736118004,-11.6790736118004,-0.30190244724268217,-0.30190244724268217,-0.30190244724268217,0.0,0.0,0.0,170.40301427959963
2021-09-30,182.3924298706849,157.15524398961588,182.36821317835853,182.3924298706849,182.3924298706849,-12.233692900015145,-12.233692900015145,-12.233692900015145,-11.6790736118004,-11.6790736118004,-11.6790736118004,-0.5546192882147429,-0.5546192882147429,-0.5546192882147429,0.0,0.0,0.0,170.15873697066976
2021-10-01,182.40086940272712,158.37358091896485,182.19904737607754,182.40086940272712,182.40086940272712,-12.80940029013137,-12.80940029013137,-12.80940029013137,-11.6790736118004,-11.6790736118004,-11.6790736118004,-1.1303266783309707,-1.1303266783309707,-1.1303266783309707,0.0,0.0,0.0,169.59146911259575
2021-10-04,182.4261879990138,157.73566047690977,182.7481157260055,182.4261879990138,182.4261879990138,-12.216789594503553,-12.216789594503553,-12.216789594503553,-11.6790736118004,-11.6790736118004,-11.6790736118004,-0.5377159827031543,-0.5377159827031543,-0.5377159827031543,0.0,0.0,0.0,170.20939840451024
2021-10-05,182.43462753110936,158.84982072021452,182.30497225896568,182.43462753110936,182.43462753110936,-12.074275558103652,-12.074275558103652,-12.074275558103652,-11.6790736118004,-11.6790736118004,-11.6790736118004,-0.39520194630325317,-0.39520194630325317,-0.39520194630325317,0.0,0.0,0.0,170.3603519730057
2021-10-06,182.44306706320492,158.36529006433267,182.77060535184035,182.44306706320492,182.44306706320492,-11.980976059042542,-11.980976059042542,-11.980976059042542,-11.6790736118004,-11.6790736118004,-11.6790736118004,-0.3019024472421435,-0.3019024472421435,-0.3019024472421435,0.0,0.0,0.0,170.46209100416237
2021-10-07,182.4515065953005,158.24458933254257,182.0692347744188,182.4515065953005,182.4515065953005,-12.233692900016022,-12.233692900016022,-12.233692900016022,-11.6790736118004,-11.6790736118004,-11.6790736118004,-0.5546192882156237,-0.5546192882156237,-0.5546192882156237,0.0,0.0,0.0,170.21781369528446
2021-10-08,182.45994612739605,156.60834937683796,181.25688397910852,182.45994612739605,182.45994612739605,-12.809400290137383,-12.809400290137383,-12.809400290137383,-11.6790736118004,-11.6790736118004,-11.6790736118004,-1.130326678336981,-1.130326678336981,-1.130326678336981,0.0,0.0,0.0,169.65054583725868
2021-10-11,182.48526472368275,158.03269012671046,181.80458418573548,182.48526472368275,182.48526472368275,-12.216789594499065,-12.216789594499065,-12.216789594499065,-11.6790736118004,-11.6790736118004,-11.6790736118004,-0.537715982698666,-0.537715982698666,-0.537715982698666,0.0,0.0,0.0,170.26847512918368
2021-10-12,182.4937042557783,158.9724814578641,182.82723811071372,182.4937042557783,182.4937042557783,-12.07427555810262,-12.07427555810262,-12.07427555810262,-11.6790736118004,-11.6790736118004,-11.6790736118004,-0.3952019463022188,-0.3952019463022188,-0.3952019463022188,0.0,0.0,0.0,170.4194286976757
2021-10-13,182.50214378787385,159.0996948004728,182.97193149219234,182.50214378787385,182.50214378787385,-11.980976059043643,-11.980976059043643,-11.980976059043643,-11.6790736118004,-11.6790736118004,-11.6790736118004,-0.3019024472432435,-0.3019024472432435,-0.3019024472432435,0.0,0.0,0.0,170.5211677288302
2021-10-14,182.51058321812442,157.40631894939278,182.907704939095,182.51058321812442,182.51058321812442,-12.233692900012413,-12.233692900012413,-12.233692900012413,-11.6790736118004,-11.6790736118004,-11.6790736118004,-0.5546192882120129,-0.5546192882120129,-0.5546192882120129,0.0,0.0,0.0,170.276890318112
2021-10-15,182.51902264837503,157.6592640077807,181.75329133631053,182.51902264837503,182.51902264837503,-12.809400290134636,-12.809400290134636,-12.809400290134636,-11.6790736118004,-11.6790736118004,-11.6790736118004,-1.1303266783342374,-1.1303266783342374,-1.1303266783342374,0.0,0.0,0.0,169.70962235824038
2021-10-18,182.54434093912678,159.32604033867622,182.86260986291342,182.54434093912678,182.54434093912678,-12.21678959450072,-12.21678959450072,-12.21678959450072,-11.6790736118004,-11.6790736118004,-11.6790736118004,-0.5377159827003176,-0.5377159827003176,-0.5377159827003176,0.0,0.0,0.0,170.32755134462607
2021-10-19,182.55278036937736,158.27708996418522,182.9926655432276,182.55278036937736,182.55278036937736,-12.074275558106836,-12.074275558106836,-12.074275558106836,-11.6790736118004,-11.6790736118004,-11.6790736118004,-0.39520194630643407,-0.39520194630643407,-0.39520194630643407,0.0,0.0,0.0,170.4785048112705
2021-10-20,182.56121979962796,157.85788442649246,183.13894309280548,182.56121979962796,182.56121979962796,-11.980976059043105,-11.980976059043105,-11.980976059043105,-11.6790736118004,-11.6790736118004,-11.6790736118004,-0.3019024472427048,-0.3019024472427048,-0.3019024472427048,0.0,0.0,0.0,170.58024374058485
2021-10-21,182.56965922987854,158.0293216806173,182.21945648552287,182.56965922987854,182.56965922987854,-12.233692900013294,-12.233692900013294,-12.233692900013294,-11.6790736118004,-11.6790736118004,-11.6790736118004,-0.5546192882128935,-0.5546192882128935,-0.5546192882128935,0.0,0.0,0.0,170.33596632986524
2021-10-22,182.57809866012914,158.59743400087484,182.1826745059628,182.57809866012914,182.57809866012914,-12.809400290134564,-12.809400290134564,-12.809400290134564,-11.6790736118004,-11.6790736118004,-11.6790736118004,-1.130326678334164,-1.130326678334164,-1.130326678334164,0.0,0.0,0.0,169.76869836999458
2021-10-25,182.6034169508809,156.45518762911453,183.59440892027447,182.6034169508809,182.6034169508809,-12.21678959450237,-12.21678959450237,-12.21678959450237,-11.6790736118004,-11.6790736118004,-11.6790736118004,-0.5377159827019689,-0.5377159827019689,-0.5377159827019689,0.0,0.0,0.0,170.38662735637854
2021-10-26,182.61185637917163,158.4047368559106,182.20021668362335,182.61185637917163,182.61185637917163,-12.074275558104036,-12.074275558104036,-12.074275558104036,-11.6790736118004,-11.6790736118004,-11.6790736118004,-0.39520194630363703,-0.39520194630363703,-0.39520194630363703,0.0,0.0,0.0,170.5375808210676
2021-10-27,182.62029580746238,157.98671658869898,182.87688990625156,182.62029580746238,182.62029580746238,-11.980976059042565,-11.980976059042565,-11.980976059042565,-11.6790736118004,-11.6790736118004,-11.6790736118004,-0.3019024472421662,-0.3019024472421662,-0.3019024472421662,0.0,0.0,0.0,170.6393197484198
2021-10-28,182.62873523575308,158.59043990622797,182.8893592060532,182.62873523575308,182.62873523575308,-12.233692900014173,-12.233692900014173,-12.233692900014173,-11.6790736118004,-11.6790736118004,-11.6790736118004,-0.5546192882137743,-0.5546192882137743,-0.5546192882137743,0.0,0.0,0.0,170.3950423357389
2021-10-29,182.6371746640438,158.2156439322016,182.11505254654438,182.6371746640438,182.6371746640438,-12.809400290133155,-12.809400290133155,-12.809400290133155,-11.6790736118004,-11.6790736118004,-11.6790736118004,-1.1303266783327552,-1.1303266783327552,-1.1303266783327552,0.0,0.0,0.0,169.82777437391064
2021-11-01,182.662492948916,158.37264304487573,181.9363519984784,182.662492948916,182.662492948916,-12.21678959450402,-12.21678959450402,-12.21678959450402,-11.6790736118004,-11.6790736118004,-11.6790736118004,-0.5377159827036203,-0.5377159827036203,-0.5377159827036203,0.0,0.0,0.0,170.445703354412
2021-11-02,182.67093237720673,157.63167866163892,182.93729638092472,182.67093237720673,182.67093237720673,-12.074275558104766,-12.074275558104766,-12.074275558104766,-11.6790736118004,-11.6790736118004,-11.6790736118004,-0.39520194630436517,-0.39520194630436517,-0.39520194630436517,0.0,0.0,0.0,170.59665681910195
2021-11-03,182.67937180549745,159.03656936090775,183.13478662254153,182.67937180549745,182.67937180549745,-11.980976059042845,-11.980976059042845,-11.980976059042845,-11.6790736118004,-11.6790736118004,-11.6790736118004,-0.3019024472424468,-0.3019024472424468,-0.3019024472424468,0.0,0.0,0.0,170.6983957464546
2021-11-04,182.68781123378815,159.00246497009437,183.9860332564707,182.68781123378815,182.68781123378815,-12.233692900010563,-12.233692900010563,-12.233692900010563,-11.6790736118004,-11.6790736118004,-11.6790736118004,-0.5546192882101636,-0.5546192882101636,-0.5546192882101636,0.0,0.0,0.0,170.4541183337776
2021-11-05,182.69610220962224,157.82749137992153,182.0053586516183,182.69610220962224,182.69610220962224,-12.809400290131745,-12.809400290131745,-12.809400290131745,-11.6790736118004,-11.6790736118004,-11.6790736118004,-1.1303266783313468,-1.1303266783313468,-1.1303266783313468,0.0,0.0,0.0,169.8867019194905
2021-11-08,182.7209751371244,159.07721450038804,182.87840458833082,182.7209751371244,182.7209751371244,-12.216789594503314,-12.216789594503314,-12.216789594503314,-11.6790736118004,-11.6790736118004,-11.6790736118004,-0.5377159827029144,-0.5377159827029144,-0.5377159827029144,0.0,0.0,0.0,170.5041855426211
2021-11-09,182.72926611295847,158.5089504002084,182.6689484031277,182.72926611295847,182.72926611295847,-12.07427555810373,-12.07427555810373,-12.07427555810373,-11.6790736118004,-11.6790736118004,-11.6790736118004,-0.3952019463033309,-0.3952019463033309,-0.3952019463033309,0.0,0.0,0.0,170.65499055485475
2021-11-10,182.73755708879253,158.55221552706112,182.85023219393904,182.73755708879253,182.73755708879253,-11.98097605904179,-11.98097605904179,-11.98097605904179,-11.6790736118004,-11.6790736118004,-11.6790736118004,-0.3019024472413894,-0.3019024472413894,-0.3019024472413894,0.0,0.0,0.0,170.75658102975075
2021-11-11,182.74584806462656,158.81453243039348,182.30955380764314,182.74584806462656,182.74584806462656,-12.23369290001116,-12.23369290001116,-12.23369290001116,-11.6790736118004,-11.6790736118004,-11.6790736118004,-0.5546192882107579,-0.5546192882107579,-0.5546192882107579,0.0,0.0,0.0,170.5121551646154
2021-11-12,182.75413904046064,157.24740488067755,182.05068121669134,182.75413904046064,182.75413904046064,-12.809400290130338,-12.809400290130338,-12.809400290130338,-11.6790736118004,-11.6790736118004,-11.6790736118004,-1.1303266783299384,-1.1303266783299384,-1.1303266783299384,0.0,0.0,0.0,169.94473875033032
2021-11-15,182.77901196796282,158.60560326636588,181.99638093839351,182.77901196796282,182.77901196796282,-12.216789594498826,-12.216789594498826,-12.216789594498826,-11.6790736118004,-11.6790736118004,-11.6790736118004,-0.5377159826984262,-0.5377159826984262,-0.5377159826984262,0.0,0.0,0.0,170.56222237346398
2021-11-16,182.78730294379687,158.70465452159306,183.51120191802192,182.78730294379687,182.78730294379687,-12.074275558102697,-12.074275558102697,-12.074275558102697,-11.6790736118004,-11.6790736118004,-11.6790736118004,-0.39520194630229655,-0.39520194630229655,-0.39520194630229655,0.0,0.0,0.0,170.71302738569418
2021-11-17,182.75108621312168,158.17393826791636,181.422844360837,182.75108621312168,182.75108621312168,-11.98097605904289,-11.98097605904289,-11.98097605904289,-11.6790736118004,-11.6790736118004,-11.6790736118004,-0.30190244724248955,-0.30190244724248955,-0.30190244724248955,0.0,0.0,0.0,170.7701101540788
2021-11-18,182.7148694824465,157.70914447175258,182.46739106820286,182.7148694824465,182.7148694824465,-12.233692900012326,-12.233692900012326,-12.233692900012326,-11.6790736118004,-11.6790736118004,-11.6790736118004,-0.554619288211925,-0.554619288211925,-0.554619288211925,0.0,0.0,0.0,170.48117658243416
2021-11-19,182.67865275177132,157.78036540648145,182.08146367942544,182.67865275177132,182.67865275177132,-12.809400290130267,-12.809400290130267,-12.809400290130267,-11.6790736118004,-11.6790736118004,-11.6790736118004,-1.1303266783298649,-1.1303266783298649,-1.1303266783298649,0.0,0.0,0.0,169.86925246164105
2021-11-22,182.57000255974575,158.7562346618629,182.05058049597153,182.57000255974575,182.57000255974575,-12.21678959449812,-12.21678959449812,-12.21678959449812,-11.6790736118004,-11.6790736118004,-11.6790736118004,-0.5377159826977206,-0.5377159826977206,-0.5377159826977206,0.0,0.0,0.0,170.35321296524762
2021-11-23,182.53378582907055,158.19266844899894,183.35515168498262,182.53378582907055,182.53378582907055,-12.074275558101663,-12.074275558101663,-12.074275558101663,-11.6790736118004,-11.6790736118004,-11.6790736118004,-0.395201946301262,-0.395201946301262,-0.395201946301262,0.0,0.0,0.0,170.45951027096888
2021-11-24,182.4975690983954,158.270968303609,181.93170501657428,182.4975690983954,182.4975690983954,-11.98097605904235,-11.98097605904235,-11.98097605904235,-11.6790736118004,-11.6790736118004,-11.6790736118004,-0.30190244724195087,-0.30190244724195087,-0.30190244724195087,0.0,0.0,0.0,170.51659303935304
2021-11-26,182.425135637045,158.008422504013,182.0334181223807,182.425135637045,182.425135637045,-12.809400290134938,-12.809400290134938,-12.809400290134938,-11.6790736118004,-11.6790736118004,-11.6790736118004,-1.13032667833454,-1.13032667833454,-1.13032667833454,0.0,0.0,0.0,169.61573534691007
2021-11-29,182.31648544501942,157.76719265812056,181.71469880110328,182.31648544501942,182.31648544501942,-12.216789594502128,-12.216789594502128,-12.216789594502128,-11.6790736118004,-11.6790736118004,-11.6790736118004,-0.5377159827017288,-0.5377159827017288,-0.5377159827017288,0.0,0.0,0.0,170.0996958505173
2021-11-30,182.20911789727927,158.79748371429045,182.1336258838128,182.20911789727927,182.20911789727927,-12.07427555810239,-12.07427555810239,-12.07427555810239,-11.6790736118004,-11.6790736118004,-11.6790736118004,-0.39520194630199046,-0.39520194630199046,-0.39520194630199046,0.0,0.0,0.0,170.13484233917688
2021-12-01,182.10175034953912,157.7793368098169,181.7666081158361,182.10175034953912,182.10175034953912,-11.980976059042932,-11.980976059042932,-11.980976059042932,-11.6790736118004,-11.6790736118004,-11.6790736118004,-0.3019024472425324,-0.3019024472425324,-0.3019024472425324,0.0,0.0,0.0,170.12077429049617
2021-12-02,181.99438280179893,157.17298676067153,181.05681957648395,181.99438280179893,181.99438280179893,-12.233692900013514,-12.233692900013514,-12.233692900013514,-11.6790736118004,-11.6790736118004,-11.6790736118004,-0.5546192882131138,-0.5546192882131138,-0.5546192882131138,0.0,0.0,0.0,169.7606899017854
2021-12-03,181.88701525405878,157.0253655141656,181.70687124155077,181.88701525405878,181.88701525405878,-12.809400290134867,-12.809400290134867,-12.809400290134867,-11.6790736118004,-11.6790736118004,-11.6790736118004,-1.1303266783344665,-1.1303266783344665,-1.1303266783344665,0.0,0.0,0.0,169.0776149639239
2021-12-06,181.56491261083826,156.9440620686604,181.24465100775907,181.56491261083826,181.56491261083826,-12.216789594501423,-12.216789594501423,-12.216789594501423,-11.6790736118004,-11.6790736118004,-11.6790736118004,-0.5377159827010234,-0.5377159827010234,-0.5377159827010234,0.0,0.0,0.0,169.34812301633684
2021-12-07,181.45754506309808,156.94655143809538,182.0761293003485,181.45754506309808,181.45754506309808,-12.074275558104842,-12.074275558104842,-12.074275558104842,-11.6790736118004,-11.6790736118004,-11.6790736118004,-0.395201946304443,-0.395201946304443,-0.395201946304443,0.0,0.0,0.0,169.38326950499325
2021-12-08,181.35017751535793,156.76977472192505,181.61877187671203,181.35017751535793,181.35017751535793,-11.980976059042394,-11.980976059042394,-11.980976059042394,-11.6790736118004,-11.6790736118004,-11.6790736118004,-0.30190244724199367,-0.30190244724199367,-0.30190244724199367,0.0,0.0,0.0,169.36920145631552
2021-12-09,181.24280996761777,156.80995437206874,181.81484577783053,181.24280996761777,181.24280996761777,-12.233692900014681,-12.233692900014681,-12.233692900014681,-11.6790736118004,-11.6790736118004,-11.6790736118004,-0.5546192882142806,-0.5546192882142806,-0.5546192882142806,0.0,0.0,0.0,169.00911706760309
2021-12-10,181.07217242426097,156.22257659797364,179.6130305876937,181.07217242426097,181.07217242426097,-12.809400290132123,-12.809400290132123,-12.809400290132123,-11.6790736118004,-11.6790736118004,-11.6790736118004,-1.1303266783317227,-1.1303266783317227,-1.1303266783317227,0.0,0.0,0.0,168.26277213412885
2021-12-13,180.56025979419067,156.09805229042396,179.8581241002729,180.56025979419067,180.56025979419067,-12.21678959450072,-12.21678959450072,-12.21678959450072,-11.6790736118004,-11.6790736118004,-11.6790736118004,-0.5377159827003176,-0.5377159827003176,-0.5377159827003176,0.0,0.0,0.0,168.34347019968996
2021-12-14,180.38962225083387,156.25268534020685,180.56617326850954,180.38962225083387,180.38962225083387,-12.074275558105573,-12.074275558105573,-12.074275558105573,-11.6790736118004,-11.6790736118004,-11.6790736118004,-0.3952019463051713,-0.3952019463051713,-0.3952019463051713,0.0,0.0,0.0,168.3153466927283
2021-12-15,180.2189847074771,156.85183229977733,180.88123939298805,180.2189847074771,180.2189847074771,-11.980976059042673,-11.980976059042673,-11.980976059042673,-11.6790736118004,-11.6790736118004,-11.6790736118004,-0.3019024472422744,-0.3019024472422744,-0.3019024472422744,0.0,0.0,0.0,168.23800864843443
2021-12-16,180.04834716412032,156.06541652428112,179.87374523558697,180.04834716412032,180.04834716412032,-12.233692900015274,-12.233692900015274,-12.233692900015274,-11.6790736118004,-11.6790736118004,-11.6790736118004,-0.554619288214875,-0.554619288214875,-0.554619288214875,0.0,0.0,0.0,167.81465426410503
2021-12-17,179.87770962076354,154.39488499773444,179.01970111014958,179.87770962076354,179.87770962076354,-12.809400290132048,-12.809400290132048,-12.809400290132048,-11.6790736118004,-11.6790736118004,-11.6790736118004,-1.1303266783316495,-1.1303266783316495,-1.1303266783316495,0.0,0.0,0.0,167.06830933063148
2021-12-20,179.36579699069318,155.25307598171136,179.29373907057564,179.36579699069318,179.36579699069318,-12.216789594504727,-12.216789594504727,-12.216789594504727,-11.6790736118004,-11.6790736118004,-11.6790736118004,-0.537715982704326,-0.537715982704326,-0.537715982704326,0.0,0.0,0.0,167.14900739618847
2021-12-21,179.16213255881883,154.25720262074077,179.72849445123344,179.16213255881883,179.16213255881883,-12.074275558102773,-12.074275558102773,-12.074275558102773,-11.6790736118004,-11.6790736118004,-11.6790736118004,-0.39520194630237426,-0.39520194630237426,-0.39520194630237426,0.0,0.0,0.0,167.08785700071604
2021-12-22,178.95846812694447,155.15490182129201,178.9835234645825,178.95846812694447,178.95846812694447,-11.980976059042955,-11.980976059042955,-11.980976059042955,-11.6790736118004,-11.6790736118004,-11.6790736118004,-0.30190244724255505,-0.30190244724255505,-0.30190244724255505,0.0,0.0,0.0,166.97749206790152
2021-12-23,178.7548036950701,154.91108833904826,178.8467470204945,178.7548036950701,178.7548036950701,-12.233692900011663,-12.233692900011663,-12.233692900011663,-11.6790736118004,-11.6790736118004,-11.6790736118004,-0.5546192882112644,-0.5546192882112644,-0.5546192882112644,0.0,0.0,0.0,166.52111079505843
2021-12-27,177.94014596757262,152.78843751357795,178.07289314028014,177.94014596757262,177.94014596757262,-12.21678959450402,-12.21678959450402,-12.21678959450402,-11.6790736118004,-11.6790736118004,-11.6790736118004,-0.5377159827036203,-0.5377159827036203,-0.5377159827036203,0.0,0.0,0.0,165.7233563730686
2021-12-28,177.73648153569826,153.65608666922068,177.5271429098206,177.73648153569826,177.73648153569826,-12.074275558105228,-12.074275558105228,-12.074275558105228,-11.6790736118004,-11.6790736118004,-11.6790736118004,-0.3952019463048266,-0.3952019463048266,-0.3952019463048266,0.0,0.0,0.0,165.66220597759303
2021-12-29,177.5328171038239,153.6697643737555,179.1028628191553,177.5328171038239,177.5328171038239,-11.980976059043236,-11.980976059043236,-11.980976059043236,-11.6790736118004,-11.6790736118004,-11.6790736118004,-0.3019024472428357,-0.3019024472428357,-0.3019024472428357,0.0,0.0,0.0,165.55184104478067
2021-12-30,177.32915267194954,152.64550171375637,178.07854433406806,177.32915267194954,177.32915267194954,-12.233692900012258,-12.233692900012258,-12.233692900012258,-11.6790736118004,-11.6790736118004,-11.6790736118004,-0.5546192882118587,-0.5546192882118587,-0.5546192882118587,0.0,0.0,0.0,165.09545977193727
2021-12-31,177.12548824007516,152.8218443082891,175.9788657209721,177.12548824007516,177.12548824007516,-12.809400290129235,-12.809400290129235,-12.809400290129235,-11.6790736118004,-11.6790736118004,-11.6790736118004,-1.1303266783288324,-1.1303266783288324,-1.1303266783288324,0.0,0.0,0.0,164.3160879499459
2022-01-03,176.51448219958186,152.27427896381795,175.75715958582717,176.51448219958186,176.51448219958186,-12.216789594499533,-12.216789594499533,-12.216789594499533,-11.6790736118004,-11.6790736118004,-11.6790736118004,-0.537715982699132,-0.537715982699132,-0.537715982699132,0.0,0.0,0.0,164.29769260508232
2022-01-04,176.31081351941745,152.08345653895458,176.79885729472133,176.31081351941745,176.31081351941745,-12.07427555810419,-12.07427555810419,-12.07427555810419,-11.6790736118004,-11.6790736118004,-11.6790736118004,-0.3952019463037923,-0.3952019463037923,-0.3952019463037923,0.0,0.0,0.0,164.23653796131327
2022-01-05,176.107144839253,151.6616546523354,176.28334897807397,176.107144839253,176.107144839253,-11.980976059042696,-11.980976059042696,-11.980976059042696,-11.6790736118004,-11.6790736118004,-11.6790736118004,-0.30190244724229703,-0.30190244724229703,-0.30190244724229703,0.0,0.0,0.0,164.12616878021032
2022-01-06,175.9034761590886,151.6542002014248,175.77899061314417,175.9034761590886,175.9034761590886,-12.23369290001314,-12.23369290001314,-12.23369290001314,-11.6790736118004,-11.6790736118004,-11.6790736118004,-0.5546192882127394,-0.5546192882127394,-0.5546192882127394,0.0,0.0,0.0,163.66978325907547
2022-01-07,175.69980747892416,151.25645921592388,175.2494049643407,175.69980747892416,175.69980747892416,-12.809400290129156,-12.809400290129156,-12.809400290129156,-11.6790736118004,-11.6790736118004,-11.6790736118004,-1.130326678328759,-1.130326678328759,-1.130326678328759,0.0,0.0,0.0,162.890407188795
2022-01-10,175.08880143843086,150.86866109146385,174.32974851483823,175.08880143843086,175.08880143843086,-12.216789594498826,-12.216789594498826,-12.216789594498826,-11.6790736118004,-11.6790736118004,-11.6790736118004,-0.5377159826984264,-0.5377159826984264,-0.5377159826984264,0.0,0.0,0.0,162.87201184393203
2022-01-11,174.88513275826642,150.91434839102538,175.15201612548802,174.88513275826642,174.88513275826642,-12.07427555810492,-12.07427555810492,-12.07427555810492,-11.6790736118004,-11.6790736118004,-11.6790736118004,-0.39520194630452066,-0.39520194630452066,-0.39520194630452066,0.0,0.0,0.0,162.8108572001615
2022-01-12,174.68146407810204,150.59251044995673,174.53027234551772,174.68146407810204,174.68146407810204,-11.980976059043796,-11.980976059043796,-11.980976059043796,-11.6790736118004,-11.6790736118004,-11.6790736118004,-0.3019024472433971,-0.3019024472433971,-0.3019024472433971,0.0,0.0,0.0,162.70048801905824
2022-01-13,174.47779538734542,150.61549006164827,175.00427094905658,174.47779538734542,174.47779538734542,-12.23369290001402,-12.23369290001402,-12.23369290001402,-11.6790736118004,-11.6790736118004,-11.6790736118004,-0.55461928821362,-0.55461928821362,-0.55461928821362,0.0,0.0,0.0,162.24410248733142
2022-01-14,174.27412669658878,149.97892784842907,173.2903266839296,174.27412669658878,174.27412669658878,-12.8094002901325,-12.8094002901325,-12.8094002901325,-11.6790736118004,-11.6790736118004,-11.6790736118004,-1.1303266783320987,-1.1303266783320987,-1.1303266783320987,0.0,0.0,0.0,161.4647264064563
2022-01-18,173.4594519335623,149.90089712681598,173.82616347488175,173.4594519335623,173.4594519335623,-12.074275558105649,-12.074275558105649,-12.074275558105649,-11.6790736118004,-11.6790736118004,-11.6790736118004,-0.39520194630524896,-0.39520194630524896,-0.39520194630524896,0.0,0.0,0.0,161.38517637545664
2022-01-19,173.25578324280568,149.3840452795994,172.7398973528347,173.25578324280568,173.25578324280568,-11.98097605904274,-11.98097605904274,-11.98097605904274,-11.6790736118004,-11.6790736118004,-11.6790736118004,-0.3019024472423399,-0.3019024472423399,-0.3019024472423399,0.0,0.0,0.0,161.27480718376293
2022-01-20,173.05211455204903,148.71811262156547,173.2049178077058,173.05211455204903,173.05211455204903,-12.2336929000149,-12.2336929000149,-12.2336929000149,-11.6790736118004,-11.6790736118004,-11.6790736118004,-0.5546192882145009,-0.5546192882145009,-0.5546192882145009,0.0,0.0,0.0,160.81842165203415
2022-01-21,172.84844586129242,147.10590205773912,172.65225525810612,172.84844586129242,172.84844586129242,-12.809400290132425,-12.809400290132425,-12.809400290132425,-11.6790736118004,-11.6790736118004,-11.6790736118004,-1.1303266783320256,-1.1303266783320256,-1.1303266783320256,0.0,0.0,0.0,160.03904557116
2022-01-24,172.23743978902255,147.46443225232542,172.64405357524024,172.23743978902255,172.23743978902255,-12.216789594498346,-12.216789594498346,-12.216789594498346,-11.6790736118004,-11.6790736118004,-11.6790736118004,-0.5377159826979463,-0.5377159826979463,-0.5377159826979463,0.0,0.0,0.0,160.0206501945242
2022-01-25,172.0337710982659,148.0040990061183,171.95228719372577,172.0337710982659,172.0337710982659,-12.074275558102851,-12.074275558102851,-12.074275558102851,-11.6790736118004,-11.6790736118004,-11.6790736118004,-0.39520194630245176,-0.39520194630245176,-0.39520194630245176,0.0,0.0,0.0,159.95949554016306
2022-01-26,171.83010240481576,147.92214415626947,172.05031146595013,171.83010240481576,171.83010240481576,-11.98097605904302,-11.98097605904302,-11.98097605904302,-11.6790736118004,-11.6790736118004,-11.6790736118004,-0.30190244724262044,-0.30190244724262044,-0.30190244724262044,0.0,0.0,0.0,159.84912634577273
2022-01-27,171.6264337113656,147.22902167923783,171.17334077979115,171.6264337113656,171.6264337113656,-12.233692900015496,-12.233692900015496,-12.233692900015496,-11.6790736118004,-11.6790736118004,-11.6790736118004,-0.5546192882150954,-0.5546192882150954,-0.5546192882150954,0.0,0.0,0.0,159.3927408113501
2022-01-28,171.42276501791545,145.81108319424524,170.7655727657338,171.42276501791545,171.42276501791545,-12.809400290131016,-12.809400290131016,-12.809400290131016,-11.6790736118004,-11.6790736118004,-11.6790736118004,-1.130326678330617,-1.130326678330617,-1.130326678330617,0.0,0.0,0.0,158.61336472778444
2022-01-31,170.811758937565,146.13086197074483,171.11141594806722,170.811758937565,170.811758937565,-12.216789594499998,-12.216789594499998,-12.216789594499998,-11.6790736118004,-11.6790736118004,-11.6790736118004,-0.5377159826995977,-0.5377159826995977,-0.5377159826995977,0.0,0.0,0.0,158.594969343065
2022-02-01,170.60809024411483,146.43053214372617,170.11041755459743,170.60809024411483,170.60809024411483,-12.07427555810358,-12.07427555810358,-12.07427555810358,-11.6790736118004,-11.6790736118004,-11.6790736118004,-0.39520194630318023,-0.39520194630318023,-0.39520194630318023,0.0,0.0,0.0,158.53381468601125
2022-02-02,170.40442155066467,146.45050019989833,170.79090270899275,170.40442155066467,170.40442155066467,-11.980976059042481,-11.980976059042481,-11.980976059042481,-11.6790736118004,-11.6790736118004,-11.6790736118004,-0.3019024472420819,-0.3019024472420819,-0.3019024472420819,0.0,0.0,0.0,158.42344549162218
2022-02-03,170.20075285721452,145.58411584001277,169.99667974767382,170.20075285721452,170.20075285721452,-12.233692900016662,-12.233692900016662,-12.233692900016662,-11.6790736118004,-11.6790736118004,-11.6790736118004,-0.5546192882162623,-0.5546192882162623,-0.5546192882162623,0.0,0.0,0.0,157.96705995719788
2022-02-04,169.99708416376436,145.08608474419785,169.04176196894477,169.99708416376436,169.99708416376436,-12.809400290135692,-12.809400290135692,-12.809400290135692,-11.6790736118004,-11.6790736118004,-11.6790736118004,-1.1303266783352919,-1.1303266783352919,-1.1303266783352919,0.0,0.0,0.0,157.18768387362866
2022-02-07,169.38607807964004,144.27083797044045,169.76010302992157,169.38607807964004,169.38607807964004,-12.216789594499291,-12.216789594499291,-12.216789594499291,-11.6790736118004,-11.6790736118004,-11.6790736118004,-0.537715982698892,-0.537715982698892,-0.537715982698892,0.0,0.0,0.0,157.16928848514075
2022-02-08,169.18240938493193,145.6503309458583,169.14269203165324,169.18240938493193,169.18240938493193,-12.074275558102546,-12.074275558102546,-12.074275558102546,-11.6790736118004,-11.6790736118004,-11.6790736118004,-0.3952019463021458,-0.3952019463021458,-0.3952019463021458,0.0,0.0,0.0,157.10813382682937
2022-02-09,168.97874069022382,144.9144368044179,168.50425091053813,168.97874069022382,168.97874069022382,-11.980976059041941,-11.980976059041941,-11.980976059041941,-11.6790736118004,-11.6790736118004,-11.6790736118004,-0.301902447241543,-0.301902447241543,-0.301902447241543,0.0,0.0,0.0,156.99776463118187
2022-02-10,168.7750719955157,144.80843839471794,168.54548708366474,168.7750719955157,168.7750719955157,-12.233692900012766,-12.233692900012766,-12.233692900012766,-11.6790736118004,-11.6790736118004,-11.6790736118004,-0.5546192882123653,-0.5546192882123653,-0.5546192882123653,0.0,0.0,0.0,156.54137909550295
2022-02-11,168.5714033008076,143.22184834721966,167.69258490770235,168.5714033008076,168.5714033008076,-12.809400290134281,-12.809400290134281,-12.809400290134281,-11.6790736118004,-11.6790736118004,-11.6790736118004,-1.1303266783338832,-1.1303266783338832,-1.1303266783338832,0.0,0.0,0.0,155.7620030106733
2022-02-14,167.96039721668328,144.32948699515296,167.39947816780995,167.96039721668328,167.96039721668328,-12.216789594500945,-12.216789594500945,-12.216789594500945,-11.6790736118004,-11.6790736118004,-11.6790736118004,-0.5377159827005433,-0.5377159827005433,-0.5377159827005433,0.0,0.0,0.0,155.74360762218234
2022-02-15,167.75672852197516,144.32617750943336,168.70629177094614,167.75672852197516,167.75672852197516,-12.074275558104997,-12.074275558104997,-12.074275558104997,-11.6790736118004,-11.6790736118004,-11.6790736118004,-0.39520194630459826,-0.39520194630459826,-0.39520194630459826,0.0,0.0,0.0,155.68245296387016
2022-02-16,167.55305982726708,144.7427174931037,168.20548814082127,167.55305982726708,167.55305982726708,-11.980976059043043,-11.980976059043043,-11.980976059043043,-11.6790736118004,-11.6790736118004,-11.6790736118004,-0.30190244724264315,-0.30190244724264315,-0.30190244724264315,0.0,0.0,0.0,155.57208376822405
2022-02-17,167.34939112395108,142.77968927445747,167.99923144504967,167.34939112395108,167.34939112395108,-12.233692900013931,-12.233692900013931,-12.233692900013931,-11.6790736118004,-11.6790736118004,-11.6790736118004,-0.5546192882135321,-0.5546192882135321,-0.5546192882135321,0.0,0.0,0.0,155.11569822393716
2022-02-18,167.1457224206351,142.53798916023433,167.27280181928205,167.1457224206351,167.1457224206351,-12.80940029013421,-12.80940029013421,-12.80940029013421,-11.6790736118004,-11.6790736118004,-11.6790736118004,-1.13032667833381,-1.13032667833381,-1.13032667833381,0.0,0.0,0.0,154.3363221305009
2022-02-22,166.3310476073712,142.0566400022701,166.1399936544102,166.3310476073712,166.3310476073712,-12.074275558103965,-12.074275558103965,-12.074275558103965,-11.6790736118004,-11.6790736118004,-11.6790736118004,-0.39520194630356387,-0.39520194630356387,-0.39520194630356387,0.0,0.0,0.0,154.25677204926723
2022-02-23,166.1273789040552,142.6137117731602,166.34501201889637,166.1273789040552,166.1273789040552,-11.980976059042504,-11.980976059042504,-11.980976059042504,-11.6790736118004,-11.6790736118004,-11.6790736118004,-0.3019024472421046,-0.3019024472421046,-0.3019024472421046,0.0,0.0,0.0,154.1464028450127
2022-02-24,165.9237102007392,141.49406101520495,165.56720195934167,165.9237102007392,165.9237102007392,-12.233692900014528,-12.233692900014528,-12.233692900014528,-11.6790736118004,-11.6790736118004,-11.6790736118004,-0.5546192882141265,-0.5546192882141265,-0.5546192882141265,0.0,0.0,0.0,153.6900173007247
2022-02-25,165.72004149742324,140.82613484850935,164.36745773795909,165.72004149742324,165.72004149742324,-12.809400290132803,-12.809400290132803,-12.809400290132803,-11.6790736118004,-11.6790736118004,-11.6790736118004,-1.1303266783324013,-1.1303266783324013,-1.1303266783324013,0.0,0.0,0.0,152.91064120729044
2022-02-28,165.1090353874753,139.73931452279055,164.9210109982615,165.1090353874753,165.1090353874753,-12.216789594504245,-12.216789594504245,-12.216789594504245,-11.6790736118004,-11.6790736118004,-11.6790736118004,-0.5377159827038461,-0.5377159827038461,-0.5377159827038461,0.0,0.0,0.0,152.89224579297107
2022-03-01,164.9053666841593,141.06270563523287,165.30361935173988,164.9053666841593,164.9053666841593,-12.074275558104691,-12.074275558104691,-12.074275558104691,-11.6790736118004,-11.6790736118004,-11.6790736118004,-0.3952019463042922,-0.3952019463042922,-0.3952019463042922,0.0,0.0,0.0,152.83109112605462
2022-03-02,164.70169796532997,140.86226042803864,164.69157515611107,164.70169796532997,164.70169796532997,-11.980976059042783,-11.980976059042783,-11.980976059042783,-11.6790736118004,-11.6790736118004,-11.6790736118004,-0.3019024472423852,-0.3019024472423852,-0.3019024472423852,0.0,0.0,0.0,152.7207219062872
2022-03-03,164.49802924650064,139.80164719642363,163.83423369078696,164.49802924650064,164.49802924650064,-12.233692900010915,-12.233692900010915,-12.233692900010915,-11.6790736118004,-11.6790736118004,-11.6790736118004,-0.5546192882105159,-0.5546192882105159,-0.5546192882105159,0.0,0.0,0.0,152.26433634648973
2022-03-04,164.29436052767127,139.5087349917382,162.77753453158414,164.29436052767127,164.29436052767127,-12.809400290132729,-12.809400290132729,-12.809400290132729,-11.6790736118004,-11.6790736118004,-11.6790736118004,-1.1303266783323285,-1.1303266783323285,-1.1303266783323285,0.0,0.0,0.0,151.48496023753853
2022-03-07,163.68335437118324,139.77352533165677,163.6792119213495,163.68335437118324,163.68335437118324,-12.21678959450354,-12.21678959450354,-12.21678959450354,-11.6790736118004,-11.6790736118004,-11.6790736118004,-0.5377159827031404,-0.5377159827031404,-0.5377159827031404,0.0,0.0,0.0,151.4665647766797
2022-03-08,163.47968565235388,139.45789298567388,163.8585322749619,163.47968565235388,163.47968565235388,-12.074275558103658,-12.074275558103658,-12.074275558103658,-11.6790736118004,-11.6790736118004,-11.6790736118004,-0.3952019463032577,-0.3952019463032577,-0.3952019463032577,0.0,0.0,0.0,151.40541009425021
2022-03-09,163.27601693352455,139.523673976387,163.4227074566768,163.27601693352455,163.27601693352455,-11.980976059042547,-11.980976059042547,-11.980976059042547,-11.6790736118004,-11.6790736118004,-11.6790736118004,-0.30190244724214715,-0.30190244724214715,-0.30190244724214715,0.0,0.0,0.0,151.295040874482
2022-03-10,163.0723482146952,138.02732208146654,162.90914770486103,163.0723482146952,163.0723482146952,-12.233692900011796,-12.233692900011796,-12.233692900011796,-11.6790736118004,-11.6790736118004,-11.6790736118004,-0.5546192882113965,-0.5546192882113965,-0.5546192882113965,0.0,0.0,0.0,150.83865531468342
2022-03-11,162.86867949586588,137.6179322871244,163.16019547622108,162.86867949586588,162.86867949586588,-12.809400290129984,-12.809400290129984,-12.809400290129984,-11.6790736118004,-11.6790736118004,-11.6790736118004,-1.1303266783295844,-1.1303266783295844,-1.1303266783295844,0.0,0.0,0.0,150.0592792057359
2022-03-14,162.23075484333236,137.19106117409197,161.4273054454792,162.23075484333236,162.23075484333236,-12.21678959449905,-12.21678959449905,-12.21678959449905,-11.6790736118004,-11.6790736118004,-11.6790736118004,-0.5377159826986522,-0.5377159826986522,-0.5377159826986522,0.0,0.0,0.0,150.0139652488333
2022-03-15,162.01811329248787,137.7283509763772,162.45367400587162,162.01811329248787,162.01811329248787,-12.074275558104386,-12.074275558104386,-12.074275558104386,-11.6790736118004,-11.6790736118004,-11.6790736118004,-0.3952019463039862,-0.3952019463039862,-0.3952019463039862,0.0,0.0,0.0,149.9438377343835
2022-03-16,161.80547174164334,137.48800360844396,162.57229113358397,161.80547174164334,161.80547174164334,-11.980976059042828,-11.980976059042828,-11.980976059042828,-11.6790736118004,-11.6790736118004,-11.6790736118004,-0.3019024472424279,-0.3019024472424279,-0.3019024472424279,0.0,0.0,0.0,149.8244956826005
2022-03-17,161.59283019079888,136.4737938023884,160.7357642424483,161.59283019079888,161.59283019079888,-12.233692900012677,-12.233692900012677,-12.233692900012677,-11.6790736118004,-11.6790736118004,-11.6790736118004,-0.5546192882122774,-0.5546192882122774,-0.5546192882122774,0.0,0.0,0.0,149.3591372907862
2022-03-18,161.38018863995438,137.22841193210786,160.49995145218193,161.38018863995438,161.38018863995438,-12.809400290129911,-12.809400290129911,-12.809400290129911,-11.6790736118004,-11.6790736118004,-11.6790736118004,-1.130326678329511,-1.130326678329511,-1.130326678329511,0.0,0.0,0.0,148.57078834982448
2022-03-21,160.74226398742087,135.89710273305477,160.82280335397417,160.74226398742087,160.74226398742087,-12.216789594500703,-12.216789594500703,-12.216789594500703,-11.6790736118004,-11.6790736118004,-11.6790736118004,-0.5377159827003035,-0.5377159827003035,-0.5377159827003035,0.0,0.0,0.0,148.52547439292016
2022-03-22,160.52962243657637,137.09025019648715,160.95168206848368,160.52962243657637,160.52962243657637,-12.074275558101588,-12.074275558101588,-12.074275558101588,-11.6790736118004,-11.6790736118004,-11.6790736118004,-0.395201946301189,-0.395201946301189,-0.395201946301189,0.0,0.0,0.0,148.45534687847478
2022-03-23,160.31698088573188,136.7783034983776,160.94198845209186,160.31698088573188,160.31698088573188,-11.980976059043106,-11.980976059043106,-11.980976059043106,-11.6790736118004,-11.6790736118004,-11.6790736118004,-0.30190244724270865,-0.30190244724270865,-0.30190244724270865,0.0,0.0,0.0,148.33600482668876
2022-03-24,160.0127980004772,135.24141185573882,159.36078442337717,160.0127980004772,160.0127980004772,-12.233692900013272,-12.233692900013272,-12.233692900013272,-11.6790736118004,-11.6790736118004,-11.6790736118004,-0.5546192882128717,-0.5546192882128717,-0.5546192882128717,0.0,0.0,0.0,147.77910510046394
2022-03-25,159.70861511522247,133.86185882981667,160.02006836154172,159.70861511522247,159.70861511522247,-12.809400290134585,-12.809400290134585,-12.809400290134585,-11.6790736118004,-11.6790736118004,-11.6790736118004,-1.1303266783341859,-1.1303266783341859,-1.1303266783341859,0.0,0.0,0.0,146.89921482508788
2022-03-28,158.79606645945836,135.28590762129951,159.31128378467469,158.79606645945836,158.79606645945836,-12.216789594502353,-12.216789594502353,-12.216789594502353,-11.6790736118004,-11.6790736118004,-11.6790736118004,-0.5377159827019546,-0.5377159827019546,-0.5377159827019546,0.0,0.0,0.0,146.579276864956
2022-03-29,158.49188357420365,134.27585612813667,158.63431890849304,158.49188357420365,158.49188357420365,-12.074275558102316,-12.074275558102316,-12.074275558102316,-11.6790736118004,-11.6790736118004,-11.6790736118004,-0.3952019463019173,-0.3952019463019173,-0.3952019463019173,0.0,0.0,0.0,146.41760801610133
2022-03-30,158.18770068894892,133.788481896128,158.75477238456062,158.18770068894892,158.18770068894892,-11.98097605904287,-11.98097605904287,-11.98097605904287,-11.6790736118004,-11.6790736118004,-11.6790736118004,-0.30190244724247073,-0.30190244724247073,-0.30190244724247073,0.0,0.0,0.0,146.20672462990606
2022-03-31,157.88351780369425,133.4490248433355,157.90066808602086,157.88351780369425,157.88351780369425,-12.233692900013866,-12.233692900013866,-12.233692900013866,-11.6790736118004,-11.6790736118004,-11.6790736118004,-0.5546192882134662,-0.5546192882134662,-0.5546192882134662,0.0,0.0,0.0,145.64982490368038
2022-04-01,157.5793349184395,132.24633712077113,156.1690518992111,157.5793349184395,157.5793349184395,-12.809400290133178,-12.809400290133178,-12.809400290133178,-11.6790736118004,-11.6790736118004,-11.6790736118004,-1.1303266783327774,-1.1303266783327774,-1.1303266783327774,0.0,0.0,0.0,144.76993462830634
2022-04-04,156.6667862626754,133.28010677730313,156.50420520048937,156.6667862626754,156.6667862626754,-12.216789594501648,-12.216789594501648,-12.216789594501648,-11.6790736118004,-11.6790736118004,-11.6790736118004,-0.5377159827012492,-0.5377159827012492,-0.5377159827012492,0.0,0.0,0.0,144.44999666817375
2022-04-05,156.27627356223346,131.11616154070816,156.26823867062362,156.27627356223346,156.27627356223346,-12.074275558104771,-12.074275558104771,-12.074275558104771,-11.6790736118004,-11.6790736118004,-11.6790736118004,-0.3952019463043698,-0.3952019463043698,-0.3952019463043698,0.0,0.0,0.0,144.20199800412868
2022-04-06,155.88576086179148,131.41295917946084,155.99993511696732,155.88576086179148,155.88576086179148,-11.980976059042332,-11.980976059042332,-11.980976059042332,-11.6790736118004,-11.6790736118004,-11.6790736118004,-0.30190244724193205,-0.30190244724193205,-0.30190244724193205,0.0,0.0,0.0,143.90478480274916
2022-04-07,155.49524816134954,131.3047836447956,155.31024136351542,155.49524816134954,155.49524816134954,-12.233692900014747,-12.233692900014747,-12.233692900014747,-11.6790736118004,-11.6790736118004,-11.6790736118004,-0.5546192882143469,-0.5546192882143469,-0.5546192882143469,0.0,0.0,0.0,143.2615552613348
2022-04-08,155.10473546090756,129.98433742868832,154.2197030294212,155.10473546090756,155.10473546090756,-12.809400290131768,-12.809400290131768,-12.809400290131768,-11.6790736118004,-11.6790736118004,-11.6790736118004,-1.1303266783313688,-1.1303266783313688,-1.1303266783313688,0.0,0.0,0.0,142.2953351707758
2022-04-11,153.9331973595817,128.81516119379256,154.18893815670046,153.9331973595817,153.9331973595817,-12.216789594500945,-12.216789594500945,-12.216789594500945,-11.6790736118004,-11.6790736118004,-11.6790736118004,-0.5377159827005433,-0.5377159827005433,-0.5377159827005433,0.0,0.0,0.0,141.71640776508076
2022-04-12,153.54268465913975,129.13587698305008,153.62792227231307,153.54268465913975,153.54268465913975,-12.074275558103734,-12.074275558103734,-12.074275558103734,-11.6790736118004,-11.6790736118004,-11.6790736118004,-0.3952019463033355,-0.3952019463033355,-0.3952019463033355,0.0,0.0,0.0,141.46840910103603
2022-04-13,153.1521719586978,127.962972510646,153.46721169906075,153.1521719586978,153.1521719586978,-11.98097605904343,-11.98097605904343,-11.98097605904343,-11.6790736118004,-11.6790736118004,-11.6790736118004,-0.3019024472430321,-0.3019024472430321,-0.3019024472430321,0.0,0.0,0.0,141.17119589965438
2022-04-14,152.76165925825583,129.070303412788,152.25704993239165,152.76165925825583,152.76165925825583,-12.233692900015626,-12.233692900015626,-12.233692900015626,-11.6790736118004,-11.6790736118004,-11.6790736118004,-0.5546192882152274,-0.5546192882152274,-0.5546192882152274,0.0,0.0,0.0,140.5279663582402
2022-04-18,151.19950832890666,126.92708794695817,150.83483314175322,151.19950832890666,151.19950832890666,-12.216789594502595,-12.216789594502595,-12.216789594502595,-11.6790736118004,-11.6790736118004,-11.6790736118004,-0.537715982702195,-0.537715982702195,-0.537715982702195,0.0,0.0,0.0,138.98271873440407
2022-04-19,150.80897059656934,126.26023016332144,151.0288878799641,150.80897059656934,150.80897059656934,-12.074275558102702,-12.074275558102702,-12.074275558102702,-11.6790736118004,-11.6790736118004,-11.6790736118004,-0.39520194630230093,-0.39520194630230093,-0.39520194630230093,0.0,0.0,0.0,138.73469503846664
2022-04-20,150.41843286423205,127.14575311291419,150.25847671585575,150.41843286423205,150.41843286423205,-11.980976059042892,-11.980976059042892,-11.980976059042892,-11.6790736118004,-11.6790736118004,-11.6790736118004,-0.3019024472424934,-0.3019024472424934,-0.3019024472424934,0.0,0.0,0.0,138.43745680518916
2022-04-21,150.02789513189478,125.73822075102754,149.36556337848012,150.02789513189478,150.02789513189478,-12.233692900012016,-12.233692900012016,-12.233692900012016,-11.6790736118004,-11.6790736118004,-11.6790736118004,-0.5546192882116168,-0.5546192882116168,-0.5546192882116168,0.0,0.0,0.0,137.79420223188276
2022-04-22,149.6373573995575,125.30239798567051,149.48576016064956,149.6373573995575,149.6373573995575,-12.809400290135036,-12.809400290135036,-12.809400290135036,-11.6790736118004,-11.6790736118004,-11.6790736118004,-1.1303266783346353,-1.1303266783346353,-1.1303266783346353,0.0,0.0,0.0,136.82795710942244
2022-04-25,148.46574420254558,124.13010652319828,148.67036565287566,148.46574420254558,148.46574420254558,-12.216789594504245,-12.216789594504245,-12.216789594504245,-11.6790736118004,-11.6790736118004,-11.6790736118004,-0.5377159827038462,-0.5377159827038462,-0.5377159827038462,0.0,0.0,0.0,136.24895460804134
2022-04-26,148.0752064702083,122.96143189799015,148.22060577633633,148.0752064702083,148.0752064702083,-12.074275558105153,-12.074275558105153,-12.074275558105153,-11.6790736118004,-11.6790736118004,-11.6790736118004,-0.3952019463047534,-0.3952019463047534,-0.3952019463047534,0.0,0.0,0.0,136.00093091210314
2022-04-27,147.68466873787096,123.71655439979129,148.13855211341286,147.68466873787096,147.68466873787096,-11.980976059043174,-11.980976059043174,-11.980976059043174,-11.6790736118004,-11.6790736118004,-11.6790736118004,-0.3019024472427741,-0.3019024472427741,-0.3019024472427741,0.0,0.0,0.0,135.7036926788278
2022-04-28,147.2941310149235,123.47816749172438,147.48881732776346,147.2941310149235,147.2941310149235,-12.233692900012613,-12.233692900012613,-12.233692900012613,-11.6790736118004,-11.6790736118004,-11.6790736118004,-0.5546192882122113,-0.5546192882122113,-0.5546192882122113,0.0,0.0,0.0,135.06043811491088
2022-04-29,146.903593291976,121.77915775178496,145.9025246437797,146.903593291976,146.903593291976,-12.809400290134962,-12.809400290134962,-12.809400290134962,-11.6790736118004,-11.6790736118004,-11.6790736118004,-1.130326678334562,-1.130326678334562,-1.130326678334562,0.0,0.0,0.0,134.09419300184103
2022-05-02,145.73198012313352,121.60628880480377,145.30224164370645,145.73198012313352,145.73198012313352,-12.216789594499758,-12.216789594499758,-12.216789594499758,-11.6790736118004,-11.6790736118004,-11.6790736118004,-0.5377159826993578,-0.5377159826993578,-0.5377159826993578,0.0,0.0,0.0,133.51519052863375
2022-05-03,145.34144240018605,121.93183280069059,144.28683791796772,145.34144240018605,145.34144240018605,-12.07427555810412,-12.07427555810412,-12.07427555810412,-11.6790736118004,-11.6790736118004,-11.6790736118004,-0.395201946303719,-0.395201946303719,-0.395201946303719,0.0,0.0,0.0,133.26716684208193
2022-05-04,144.95090467723855,121.14371009587829,145.56253713545829,144.95090467723855,144.95090467723855,-11.980976059042634,-11.980976059042634,-11.980976059042634,-11.6790736118004,-11.6790736118004,-11.6790736118004,-0.3019024472422353,-0.3019024472422353,-0.3019024472422353,0.0,0.0,0.0,132.96992861819592
2022-05-05,144.56036695429108,120.4271538427801,143.9897762118589,144.56036695429108,144.56036695429108,-12.233692900013779,-12.233692900013779,-12.233692900013779,-11.6790736118004,-11.6790736118004,-11.6790736118004,-0.554619288213378,-0.554619288213378,-0.554619288213378,0.0,0.0,0.0,132.3266740542773
2022-05-06,144.16982923134356,119.36907619308909,143.5731585914899,144.16982923134356,144.16982923134356,-12.809400290132217,-12.809400290132217,-12.809400290132217,-11.6790736118004,-11.6790736118004,-11.6790736118004,-1.1303266783318182,-1.1303266783318182,-1.1303266783318182,0.0,0.0,0.0,131.36042894121135
2022-05-09,142.9982160625011,118.81785747648539,142.8666468873498,142.9982160625011,142.9982160625011,-12.216789594501408,-12.216789594501408,-12.216789594501408,-11.6790736118004,-11.6790736118004,-11.6790736118004,-0.5377159827010092,-0.5377159827010092,-0.5377159827010092,0.0,0.0,0.0,130.78142646799967
2022-05-10,142.6197431859089,118.09692502762644,142.424655405141,142.6197431859089,142.6197431859089,-12.074275558104848,-12.074275558104848,-12.074275558104848,-11.6790736118004,-11.6790736118004,-11.6790736118004,-0.3952019463044475,-0.3952019463044475,-0.3952019463044475,0.0,0.0,0.0,130.54546762780404
2022-05-11,142.24127030931672,118.34726272231254,143.2383215397562,142.24127030931672,142.24127030931672,-11.980976059042915,-11.980976059042915,-11.980976059042915,-11.6790736118004,-11.6790736118004,-11.6790736118004,-0.301902447242516,-0.301902447242516,-0.301902447242516,0.0,0.0,0.0,130.2602942502738
2022-05-12,141.86279743272453,117.40347473216876,141.2812893839439,141.86279743272453,141.86279743272453,-12.233692900014374,-12.233692900014374,-12.233692900014374,-11.6790736118004,-11.6790736118004,-11.6790736118004,-0.5546192882139725,-0.5546192882139725,-0.5546192882139725,0.0,0.0,0.0,129.62910453271016
2022-05-13,141.48432455613238,116.85423232360732,140.8214447517724,141.48432455613238,141.48432455613238,-12.809400290132146,-12.809400290132146,-12.809400290132146,-11.6790736118004,-11.6790736118004,-11.6790736118004,-1.1303266783317447,-1.1303266783317447,-1.1303266783317447,0.0,0.0,0.0,128.67492426600023
2022-05-16,140.34890592635585,115.79071298499171,141.15696496669142,140.34890592635585,140.34890592635585,-12.21678959450306,-12.21678959450306,-12.21678959450306,-11.6790736118004,-11.6790736118004,-11.6790736118004,-0.5377159827026605,-0.5377159827026605,-0.5377159827026605,0.0,0.0,0.0,128.13211633185279
2022-05-17,139.97043304976367,115.43852601269312,139.81667460769725,139.97043304976367,139.97043304976367,-12.07427555810205,-12.07427555810205,-12.07427555810205,-11.6790736118004,-11.6790736118004,-11.6790736118004,-0.3952019463016501,-0.3952019463016501,-0.3952019463016501,0.0,0.0,0.0,127.89615749166163
2022-05-18,139.5919601731715,115.50002657708231,139.11572614182634,139.5919601731715,139.5919601731715,-11.980976059042678,-11.980976059042678,-11.980976059042678,-11.6790736118004,-11.6790736118004,-11.6790736118004,-0.3019024472422781,-0.3019024472422781,-0.3019024472422781,0.0,0.0,0.0,127.61098411412881
2022-05-19,139.2134872965793,114.6456016249314,138.69607204500898,139.2134872965793,139.2134872965793,-12.233692900015251,-12.233692900015251,-12.233692900015251,-11.6790736118004,-11.6790736118004,-11.6790736118004,-0.5546192882148532,-0.5546192882148532,-0.5546192882148532,0.0,0.0,0.0,126.97979439656405
2022-05-20,138.83501441998715,114.08950025087934,138.25621670398758,138.83501441998715,138.83501441998715,-12.809400290132071,-12.809400290132071,-12.809400290132071,-11.6790736118004,-11.6790736118004,-11.6790736118004,-1.1303266783316717,-1.1303266783316717,-1.1303266783316717,0.0,0.0,0.0,126.02561412985507
2022-05-23,137.6995957902106,113.78615255384055,138.1067890288818,137.6995957902106,137.6995957902106,-12.216789594496216,-12.216789594496216,-12.216789594496216,-11.6790736118004,-11.6790736118004,-11.6790736118004,-0.5377159826958152,-0.5377159826958152,-0.5377159826958152,0.0,0.0,0.0,125.48280619571437
2022-05-24,137.32112291361844,112.39193379356867,137.07702437524162,137.32112291361844,137.32112291361844,-12.074275558102778,-12.074275558102778,-12.074275558102778,-11.6790736118004,-11.6790736118004,-11.6790736118004,-0.3952019463023787,-0.3952019463023787,-0.3952019463023787,0.0,0.0,0.0,125.24684735551565
2022-05-25,136.94265003702625,112.44553488202695,136.92161933121733,136.94265003702625,136.94265003702625,-11.980976059042959,-11.980976059042959,-11.980976059042959,-11.6790736118004,-11.6790736118004,-11.6790736118004,-0.3019024472425589,-0.3019024472425589,-0.3019024472425589,0.0,0.0,0.0,124.9616739779833
2022-05-26,136.56417716043407,113.09174274193953,135.90223401521044,136.56417716043407,136.56417716043407,-12.233692900011642,-12.233692900011642,-12.233692900011642,-11.6790736118004,-11.6790736118004,-11.6790736118004,-0.5546192882112426,-0.5546192882112426,-0.5546192882112426,0.0,0.0,0.0,124.33048426042242
2022-05-27,136.18570428384191,110.61943365784417,135.59334822585137,136.18570428384191,136.18570428384191,-12.809400290130661,-12.809400290130661,-12.809400290130661,-11.6790736118004,-11.6790736118004,-11.6790736118004,-1.130326678330263,-1.130326678330263,-1.130326678330263,0.0,0.0,0.0,123.37630399371125
2022-05-31,134.6718127774732,109.62117068283291,134.86575950219907,134.6718127774732,134.6718127774732,-12.074275558103508,-12.074275558103508,-12.074275558103508,-11.6790736118004,-11.6790736118004,-11.6790736118004,-0.395201946303107,-0.395201946303107,-0.395201946303107,0.0,0.0,0.0,122.5975372193697
2022-06-01,134.29333990088102,110.49677142697135,134.854061460475,134.29333990088102,134.29333990088102,-11.980976059042419,-11.980976059042419,-11.980976059042419,-11.6790736118004,-11.6790736118004,-11.6790736118004,-0.30190244724202014,-0.30190244724202014,-0.30190244724202014,0.0,0.0,0.0,122.3123638418386
2022-06-02,133.91486702428884,109.36438368033369,133.98323898231774,133.91486702428884,133.91486702428884,-12.233692900012523,-12.233692900012523,-12.233692900012523,-11.6790736118004,-11.6790736118004,-11.6790736118004,-0.5546192882121234,-0.5546192882121234,-0.5546192882121234,0.0,0.0,0.0,121.68117412427631
2022-06-03,133.53639414769665,108.66357150128984,131.86400439095965,133.53639414769665,133.53639414769665,-12.809400290136674,-12.809400290136674,-12.809400290136674,-11.6790736118004,-11.6790736118004,-11.6790736118004,-1.1303266783362733,-1.1303266783362733,-1.1303266783362733,0.0,0.0,0.0,120.72699385755998
2022-06-06,132.40097551792013,108.14040586439687,132.76474832706262,132.40097551792013,132.40097551792013,-12.216789594499517,-12.216789594499517,-12.216789594499517,-11.6790736118004,-11.6790736118004,-11.6790736118004,-0.5377159826991179,-0.5377159826991179,-0.5377159826991179,0.0,0.0,0.0,120.18418592342061
2022-06-07,132.02250264132795,108.15696031827456,132.95007550607747,132.02250264132795,132.02250264132795,-12.074275558102471,-12.074275558102471,-12.074275558102471,-11.6790736118004,-11.6790736118004,-11.6790736118004,-0.39520194630207245,-0.39520194630207245,-0.39520194630207245,0.0,0.0,0.0,119.94822708322548
2022-06-08,131.6440297647358,107.93388652527676,131.83758905697374,131.6440297647358,131.6440297647358,-11.980976059043519,-11.980976059043519,-11.980976059043519,-11.6790736118004,-11.6790736118004,-11.6790736118004,-0.3019024472431203,-0.3019024472431203,-0.3019024472431203,0.0,0.0,0.0,119.66305370569228
2022-06-09,131.2655568881436,106.75820546663421,131.04046826041298,131.2655568881436,131.2655568881436,-12.233692900013404,-12.233692900013404,-12.233692900013404,-11.6790736118004,-11.6790736118004,-11.6790736118004,-0.5546192882130039,-0.5546192882130039,-0.5546192882130039,0.0,0.0,0.0,119.0318639881302
2022-06-10,130.88708401155142,105.38828300266962,129.8091895591199,130.88708401155142,130.88708401155142,-12.80940029013393,-12.80940029013393,-12.80940029013393,-11.6790736118004,-11.6790736118004,-11.6790736118004,-1.1303266783335293,-1.1303266783335293,-1.1303266783335293,0.0,0.0,0.0,118.07768372141749
2022-06-13,129.7516653817749,105.70482609040201,129.22017083847098,129.7516653817749,129.7516653817749,-12.21678959450117,-12.21678959450117,-12.21678959450117,-11.6790736118004,-11.6790736118004,-11.6790736118004,-0.5377159827007691,-0.5377159827007691,-0.5377159827007691,0.0,0.0,0.0,117.53487578727373
2022-06-14,129.37319250518271,103.76301516476677,130.66043560939602,129.37319250518271,129.37319250518271,-12.074275558106686,-12.074275558106686,-12.074275558106686,-11.6790736118004,-11.6790736118004,-11.6790736118004,-0.39520194630628797,-0.39520194630628797,-0.39520194630628797,0.0,0.0,0.0,117.29891694707602
2022-06-15,128.99471962859053,104.74205378205055,128.71582665022103,128.99471962859053,128.99471962859053,-11.980976059042982,-11.980976059042982,-11.980976059042982,-11.6790736118004,-11.6790736118004,-11.6790736118004,-0.30190244724258153,-0.30190244724258153,-0.30190244724258153,0.0,0.0,0.0,117.01374356954754
2022-06-16,128.61624675199837,103.44828591481831,128.89966911918364,128.61624675199837,128.61624675199837,-12.233692900014283,-12.233692900014283,-12.233692900014283,-11.6790736118004,-11.6790736118004,-11.6790736118004,-0.5546192882138846,-0.5546192882138846,-0.5546192882138846,0.0,0.0,0.0,116.38255385198408
2022-06-17,128.2377738754062,103.68119217127317,127.53457637852881,128.2377738754062,128.2377738754062,-12.809400290133855,-12.809400290133855,-12.809400290133855,-11.6790736118004,-11.6790736118004,-11.6790736118004,-1.1303266783334558,-1.1303266783334558,-1.1303266783334558,0.0,0.0,0.0,115.42837358527234
2022-06-21,126.72388236903747,102.73977496789561,126.97957705979701,126.72388236903747,126.72388236903747,-12.07427555810389,-12.07427555810389,-12.07427555810389,-11.6790736118004,-11.6790736118004,-11.6790736118004,-0.3952019463034907,-0.3952019463034907,-0.3952019463034907,0.0,0.0,0.0,114.64960681093358
2022-06-22,126.3454094924453,101.28835424498384,126.30485762845255,126.3454094924453,126.3454094924453,-11.980976059043565,-11.980976059043565,-11.980976059043565,-11.6790736118004,-11.6790736118004,-11.6790736118004,-0.30190244724316295,-0.30190244724316295,-0.30190244724316295,0.0,0.0,0.0,114.36443343340173
2022-06-23,125.96693661585311,101.97584374854365,126.12718874093437,125.96693661585311,125.96693661585311,-12.23369290001488,-12.23369290001488,-12.23369290001488,-11.6790736118004,-11.6790736118004,-11.6790736118004,-0.5546192882144789,-0.5546192882144789,-0.5546192882144789,0.0,0.0,0.0,113.73324371583823
2022-06-24,125.58846373926096,101.8204050789439,124.07522716747638,125.58846373926096,125.58846373926096,-12.809400290132448,-12.809400290132448,-12.809400290132448,-11.6790736118004,-11.6790736118004,-11.6790736118004,-1.1303266783320474,-1.1303266783320474,-1.1303266783320474,0.0,0.0,0.0,112.77906344912851
2022-06-27,124.4530451094844,99.76981747295821,123.88150584250882,124.4530451094844,124.4530451094844,-12.216789594504473,-12.216789594504473,-12.216789594504473,-11.6790736118004,-11.6790736118004,-11.6790736118004,-0.5377159827040718,-0.5377159827040718,-0.5377159827040718,0.0,0.0,0.0,112.23625551497993
2022-06-28,124.07457223289225,99.62830122789399,123.2389676839544,124.07457223289225,124.07457223289225,-12.074275558104619,-12.074275558104619,-12.074275558104619,-11.6790736118004,-11.6790736118004,-11.6790736118004,-0.3952019463042192,-0.3952019463042192,-0.3952019463042192,0.0,0.0,0.0,112.00029667478763
2022-06-29,123.69609935630005,99.34067801293476,124.30085176951066,123.69609935630005,123.69609935630005,-11.980976059043025,-11.980976059043025,-11.980976059043025,-11.6790736118004,-11.6790736118004,-11.6790736118004,-0.30190244724262416,-0.30190244724262416,-0.30190244724262416,0.0,0.0,0.0,111.71512329725702
2022-06-30,123.31762647970787,99.37488506872768,124.1620341192421,123.31762647970787,123.31762647970787,-12.233692900011267,-12.233692900011267,-12.233692900011267,-11.6790736118004,-11.6790736118004,-11.6790736118004,-0.5546192882108683,-0.5546192882108683,-0.5546192882108683,0.0,0.0,0.0,111.0839335796966
2022-07-01,122.93915360311571,97.23469516766443,122.13936319192544,122.93915360311571,122.93915360311571,-12.80940029013104,-12.80940029013104,-12.80940029013104,-11.6790736118004,-11.6790736118004,-11.6790736118004,-1.1303266783306387,-1.1303266783306387,-1.1303266783306387,0.0,0.0,0.0,110.12975331298468
2022-07-05,121.425262096747,96.75116864434028,121.39882086101392,121.425262096747,121.425262096747,-12.074275558103585,-12.074275558103585,-12.074275558103585,-11.6790736118004,-11.6790736118004,-11.6790736118004,-0.39520194630318456,-0.39520194630318456,-0.39520194630318456,0.0,0.0,0.0,109.35098653864343
2022-07-06,121.04678922015484,98.10708539929328,120.6905455768052,121.04678922015484,121.04678922015484,-11.980976059042487,-11.980976059042487,-11.980976059042487,-11.6790736118004,-11.6790736118004,-11.6790736118004,-0.30190244724208565,-0.30190244724208565,-0.30190244724208565,0.0,0.0,0.0,109.06581316111235
2022-07-07,120.66831634356265,96.22811932630802,119.9606785959245,120.66831634356265,120.66831634356265,-12.233692900011864,-12.233692900011864,-12.233692900011864,-11.6790736118004,-11.6790736118004,-11.6790736118004,-0.5546192882114627,-0.5546192882114627,-0.5546192882114627,0.0,0.0,0.0,108.43462344355079
2022-07-08,120.28984346697045,94.76445463465717,119.07739659153748,120.28984346697045,120.28984346697045,-12.809400290129629,-12.809400290129629,-12.809400290129629,-11.6790736118004,-11.6790736118004,-11.6790736118004,-1.1303266783292305,-1.1303266783292305,-1.1303266783292305,0.0,0.0,0.0,107.48044317684082
2022-07-11,119.15442483719394,95.10844157174135,119.43527887537425,119.15442483719394,119.15442483719394,-12.216789594499275,-12.216789594499275,-12.216789594499275,-11.6790736118004,-11.6790736118004,-11.6790736118004,-0.5377159826988781,-0.5377159826988781,-0.5377159826988781,0.0,0.0,0.0,106.93763524269467
2022-07-12,118.77595196060174,94.83729372971324,118.848144902321,118.77595196060174,118.77595196060174,-12.074275558102551,-12.074275558102551,-12.074275558102551,-11.6790736118004,-11.6790736118004,-11.6790736118004,-0.3952019463021501,-0.3952019463021501,-0.3952019463021501,0.0,0.0,0.0,106.70167640249919
2022-07-13,118.39747908400959,94.01060650606736,117.96226517015984,118.39747908400959,118.39747908400959,-11.980976059043584,-11.980976059043584,-11.980976059043584,-11.6790736118004,-11.6790736118004,-11.6790736118004,-0.30190244724318566,-0.30190244724318566,-0.30190244724318566,0.0,0.0,0.0,106.416503024966
2022-07-14,118.01900620741742,93.11313450259594,118.19162176602106,118.01900620741742,118.01900620741742,-12.233692900013029,-12.233692900013029,-12.233692900013029,-11.6790736118004,-11.6790736118004,-11.6790736118004,-0.5546192882126296,-0.5546192882126296,-0.5546192882126296,0.0,0.0,0.0,105.7853133074044
2022-07-15,117.64053333082524,93.91065811818527,116.79410249394041,117.64053333082524,117.64053333082524,-12.809400290129558,-12.809400290129558,-12.809400290129558,-11.6790736118004,-11.6790736118004,-11.6790736118004,-1.1303266783291572,-1.1303266783291572,-1.1303266783291572,0.0,0.0,0.0,104.83113304069568
2022-07-18,116.5051147010487,92.26682879762849,116.47362167912524,116.5051147010487,116.5051147010487,-12.216789594498572,-12.216789594498572,-12.216789594498572,-11.6790736118004,-11.6790736118004,-11.6790736118004,-0.5377159826981723,-0.5377159826981723,-0.5377159826981723,0.0,0.0,0.0,104.28832510655013
2022-07-19,116.12664182445653,91.66536568797768,116.55156229128015,116.12664182445653,116.12664182445653,-12.074275558105002,-12.074275558105002,-12.074275558105002,-11.6790736118004,-11.6790736118004,-11.6790736118004,-0.39520194630460276,-0.39520194630460276,-0.39520194630460276,0.0,0.0,0.0,104.05236626635153
2022-07-20,115.74816894786434,91.18776172405751,116.00053997420146,115.74816894786434,115.74816894786434,-11.980976059043046,-11.980976059043046,-11.980976059043046,-11.6790736118004,-11.6790736118004,-11.6790736118004,-0.301902447242647,-0.301902447242647,-0.301902447242647,0.0,0.0,0.0,103.7671928888213
2022-07-21,115.36969607127217,91.35188511193726,116.29885274307335,115.36969607127217,115.36969607127217,-12.233692900013624,-12.233692900013624,-12.233692900013624,-11.6790736118004,-11.6790736118004,-11.6790736118004,-0.5546192882132241,-0.5546192882132241,-0.5546192882132241,0.0,0.0,0.0,103.13600317125855
2022-07-22,114.99122319467999,90.54981080357032,114.39675755165285,114.99122319467999,114.99122319467999,-12.80940029013423,-12.80940029013423,-12.80940029013423,-11.6790736118004,-11.6790736118004,-11.6790736118004,-1.130326678333832,-1.130326678333832,-1.130326678333832,0.0,0.0,0.0,102.18182290454575
2022-07-23,114.61275031808782,93.77883505243423,117.26589652953267,114.61275031808782,114.61275031808782,-10.219189672510497,-10.219189672510497,-10.219189672510497,-11.6790736118004,-11.6790736118004,-11.6790736118004,1.4598839392899023,1.4598839392899023,1.4598839392899023,0.0,0.0,0.0,104.39356064557732
2022-07-24,114.23427744149564,91.835561874477,116.03554298533571,114.23427744149564,114.23427744149564,-10.21919120830118,-10.21919120830118,-10.21919120830118,-11.6790736118004,-11.6790736118004,-11.6790736118004,1.45988240349922,1.45988240349922,1.45988240349922,0.0,0.0,0.0,104.01508623319445
2022-07-25,113.85580456490348,88.64478955606266,113.38977387458627,113.85580456490348,113.85581256120332,-12.216789594502579,-12.216789594502579,-12.216789594502579,-11.6790736118004,-11.6790736118004,-11.6790736118004,-0.5377159827021807,-0.5377159827021807,-0.5377159827021807,0.0,0.0,0.0,101.6390149704009
2022-07-26,113.47733168831131,90.19943561822916,114.00105888447476,113.4717642406233,113.48135631339267,-12.074275558103967,-12.074275558103967,-12.074275558103967,-11.6790736118004,-11.6790736118004,-11.6790736118004,-0.39520194630356836,-0.39520194630356836,-0.39520194630356836,0.0,0.0,0.0,101.40305613020735
2022-07-27,113.09885881171911,89.28021238206061,112.54915225091845,113.08613143525734,113.10885552085112,-11.98097605904281,-11.98097605904281,-11.98097605904281,-11.6790736118004,-11.6790736118004,-11.6790736118004,-0.30190244724240906,-0.30190244724240906,-0.30190244724240906,0.0,0.0,0.0,101.11788275267631
2022-07-28,112.72038593512693,88.42019764813357,113.20650262090054,112.69951815340745,112.73723351311281,-12.23369290001422,-12.23369290001422,-12.23369290001422,-11.6790736118004,-11.6790736118004,-11.6790736118004,-0.5546192882138185,-0.5546192882138185,-0.5546192882138185,0.0,0.0,0.0,100.48669303511271
2022-07-29,112.34191305853476,88.5461330860433,111.27990082762321,112.3085589481598,112.37027559698153,-12.809400290134159,-12.809400290134159,-12.809400290134159,-11.6790736118004,-11.6790736118004,-11.6790736118004,-1.1303266783337587,-1.1303266783337587,-1.1303266783337587,0.0,0.0,0.0,99.5325127684006
2022-07-30,111.96344018194257,89.47821746517374,113.96587720808338,111.91738781174163,112.00744579171193,-10.219189672509623,-10.219189672509623,-10.219189672509623,-11.6790736118004,-11.6790736118004,-11.6790736118004,1.4598839392907754,1.4598839392907754,1.4598839392907754,0.0,0.0,0.0,101.74425050943294
2022-07-31,111.5849673053504,89.11601190420346,114.4369961391141,111.52201726675112,111.6420121866854,-10.219191208304167,-10.219191208304167,-10.219191208304167,-11.6790736118004,-11.6790736118004,-11.6790736118004,1.4598824034962326,1.4598824034962326,1.4598824034962326,0.0,0.0,0.0,101.36577609704624
2022-08-01,111.20649442875823,87.19553436054247,111.71780142141513,111.12737803099381,111.2775792491086,-12.216789594501874,-12.216789594501874,-12.216789594501874,-11.6790736118004,-11.6790736118004,-11.6790736118004,-0.537715982701475,-0.537715982701475,-0.537715982701475,0.0,0.0,0.0,98.98970483425636
2022-08-02,110.82802155216606,86.59157920092102,111.18031563012401,110.72828749303335,110.91314810752323,-12.074275558102933,-12.074275558102933,-12.074275558102933,-11.6790736118004,-11.6790736118004,-11.6790736118004,-0.3952019463025341,-0.3952019463025341,-0.3952019463025341,0.0,0.0,0.0,98.75374599406314
2022-08-03,110.44954867557388,86.65635343370074,109.92789402666496,110.33206570939956,110.55815742523633,-11.98097605904227,-11.98097605904227,-11.98097605904227,-11.6790736118004,-11.6790736118004,-11.6790736118004,-0.3019024472418705,-0.3019024472418705,-0.3019024472418705,0.0,0.0,0.0,98.46857261653162
2022-08-04,110.07107579898168,85.7452694687099,111.36027024868812,109.92825720795923,110.20245653262583,-12.233692900015384,-12.233692900015384,-12.233692900015384,-11.6790736118004,-11.6790736118004,-11.6790736118004,-0.5546192882149855,-0.5546192882149855,-0.5546192882149855,0.0,0.0,0.0,97.8373828989663
2022-08-05,109.69260292238951,85.18938059432607,108.45871994581361,109.52439707875354,109.85860305187794,-12.809400290130082,-12.809400290130082,-12.809400290130082,-11.6790736118004,-11.6790736118004,-11.6790736118004,-1.1303266783296797,-1.1303266783296797,-1.1303266783296797,0.0,0.0,0.0,96.88320263225943
2022-08-06,109.31413004579733,87.1282302856231,110.81352851490516,109.12857125258247,109.50206988576095,-10.219189672508751,-10.219189672508751,-10.219189672508751,-11.6790736118004,-11.6790736118004,-11.6790736118004,1.4598839392916487,1.4598839392916487,1.4598839392916487,0.0,0.0,0.0,99.09494037328858
2022-08-07,108.93565716920516,85.69912834682134,110.89876848907502,108.72315320317543,109.14658013123416,-10.219191208298783,-10.219191208298783,-10.219191208298783,-11.6790736118004,-11.6790736118004,-11.6790736118004,1.4598824035016158,1.4598824035016158,1.4598824035016158,0.0,0.0,0.0,98.71646596090638
2022-08-08,108.55718429261297,84.71652894367219,108.07553948266067,108.31895264499374,108.78952005301375,-12.21678959450117,-12.21678959450117,-12.21678959450117,-11.6790736118004,-11.6790736118004,-11.6790736118004,-0.5377159827007695,-0.5377159827007695,-0.5377159827007695,0.0,0.0,0.0,96.34039469811181
2022-08-09,108.17871141602082,84.41749283012086,108.69642237836449,107.91191077711989,108.43460875079141,-12.074275558103661,-12.074275558103661,-12.074275558103661,-11.6790736118004,-11.6790736118004,-11.6790736118004,-0.39520194630326233,-0.39520194630326233,-0.39520194630326233,0.0,0.0,0.0,96.10443585791715
2022-08-10,107.80023853942865,84.18348940304405,107.44707269151972,107.50908227157778,108.07711491177402,-11.980976059042552,-11.980976059042552,-11.980976059042552,-11.6790736118004,-11.6790736118004,-11.6790736118004,-0.30190244724215104,-0.30190244724215104,-0.30190244724215104,0.0,0.0,0.0,95.8192624803861
2022-08-11,107.42176566283646,82.92546103391085,107.68271622650279,107.10467412673303,107.72681315650148,-12.233692900015981,-12.233692900015981,-12.233692900015981,-11.6790736118004,-11.6790736118004,-11.6790736118004,-0.5546192882155798,-0.5546192882155798,-0.5546192882155798,0.0,0.0,0.0,95.18807276282048
2022-08-12,107.04329278624427,81.66484367822353,106.9146233150328,106.7066346013277,107.36655365344274,-12.80940029013609,-12.80940029013609,-12.80940029013609,-11.6790736118004,-11.6790736118004,-11.6790736118004,-1.1303266783356898,-1.1303266783356898,-1.1303266783356898,0.0,0.0,0.0,94.23389249610818
2022-08-13,106.6648199096521,83.85549215767527,108.95726934678378,106.29934839915829,107.0213937225104,-10.219189672507879,-10.219189672507879,-10.219189672507879,-11.6790736118004,-11.6790736118004,-11.6790736118004,1.4598839392925216,1.4598839392925216,1.4598839392925216,0.0,0.0,0.0,96.44563023714421
2022-08-14,106.28634703305991,83.25731527129885,107.4300780919281,105.90169650744379,106.6842981160763,-10.21919120830177,-10.21919120830177,-10.21919120830177,-11.6790736118004,-11.6790736118004,-11.6790736118004,1.4598824034986282,1.4598824034986282,1.4598824034986282,0.0,0.0,0.0,96.06715582475815
2022-08-15,105.90787415646774,81.21828426632594,105.46279143361441,105.50019616357197,106.33273712777829,-12.216789594505178,-12.216789594505178,-12.216789594505178,-11.6790736118004,-11.6790736118004,-11.6790736118004,-0.5377159827047776,-0.5377159827047776,-0.5377159827047776,0.0,0.0,0.0,93.69108456196257
2022-08-16,105.52940127987559,81.38621381811262,105.9275022947445,105.08665934383643,105.98458392043437,-12.074275558100863,-12.074275558100863,-12.074275558100863,-11.6790736118004,-11.6790736118004,-11.6790736118004,-0.3952019463004652,-0.3952019463004652,-0.3952019463004652,0.0,0.0,0.0,93.45512572177472
2022-08-17,105.1509284032834,80.94452889488227,105.00457716528958,104.68606576768086,105.63873136584996,-11.98097605904283,-11.98097605904283,-11.98097605904283,-11.6790736118004,-11.6790736118004,-11.6790736118004,-0.30190244724243176,-0.30190244724243176,-0.30190244724243176,0.0,0.0,0.0,93.16995234424057
2022-08-18,104.77245552669122,80.16519884038902,103.90926514492706,104.27576521639796,105.28563337868374,-12.233692900012368,-12.233692900012368,-12.233692900012368,-11.6790736118004,-11.6790736118004,-11.6790736118004,-0.5546192882119692,-0.5546192882119692,-0.5546192882119692,0.0,0.0,0.0,92.53876262667885
2022-08-19,104.39398265009905,79.50074456507022,103.50681923376479,103.86872746083836,104.9233643335969,-12.809400290134683,-12.809400290134683,-12.809400290134683,-11.6790736118004,-11.6790736118004,-11.6790736118004,-1.1303266783342814,-1.1303266783342814,-1.1303266783342814,0.0,0.0,0.0,91.58458235996437
2022-08-20,104.01550977350686,81.26322472068885,105.65425408817453,103.45064176220707,104.56570929246648,-10.219189672504884,-10.219189672504884,-10.219189672504884,-11.6790736118004,-11.6790736118004,-11.6790736118004,1.4598839392955143,1.4598839392955143,1.4598839392955143,0.0,0.0,0.0,93.79632010100198
2022-08-21,103.63703689691467,81.19465618657664,105.4252335778206,103.04021154658011,104.2282030868599,-10.219191208302275,-10.219191208302275,-10.219191208302275,-11.6790736118004,-11.6790736118004,-11.6790736118004,1.459882403498125,1.459882403498125,1.459882403498125,0.0,0.0,0.0,93.41784568861239
